benchmark,w_ops,w_keys,add,sub,multiply_plain,rotate_rows,negate,multiply,Depth,Multiplicative Depth,compile_time_pareto (s),circuit_execution_time (s),galois_keys_generation_time (s),total_execution_time (s),Remaining_noise_budget,rotation_key_size (MB),Final_Cost,compile_time_eval (s),final_exec_cost,rotation_keys_count,Final_Cost_full,source
box_blur_16,1.0,0.0,0.0,0.0,0.0,0.0,0.0,0.0,,,,,,,,,,,,,,both
box_blur_16,0.9,0.1,0.0,0.0,0.0,0.0,0.0,0.0,,,,,,,,,,,,,,both
box_blur_16,0.8,0.2,0.0,0.0,0.0,0.0,0.0,0.0,,,,,,,,,,,,,,both
box_blur_16,0.7,0.3,0.0,0.0,0.0,0.0,0.0,0.0,,,,,,,,,,,,,,both
box_blur_16,0.6,0.4,0.0,0.0,0.0,0.0,0.0,0.0,,,,,,,,,,,,,,both
box_blur_16,0.5,0.5,0.0,0.0,0.0,0.0,0.0,0.0,,,,,,,,,,,,,,both
box_blur_16,0.4,0.6,0.0,0.0,0.0,0.0,0.0,0.0,,,,,,,,,,,,,,both
box_blur_16,0.3,0.7,0.0,0.0,0.0,0.0,0.0,0.0,,,,,,,,,,,,,,both
box_blur_16,0.2,0.8,0.0,0.0,0.0,0.0,0.0,0.0,,,,,,,,,,,,,,both
box_blur_16,0.1,0.9,0.0,0.0,0.0,0.0,0.0,0.0,,,,,,,,,,,,,,both
box_blur_16,0.0,1.0,0.0,0.0,0.0,0.0,0.0,0.0,,,,,,,,,,,,,,eval_only
box_blur_32,1.0,0.0,0.0,0.0,0.0,0.0,0.0,0.0,,,,,,,,,,,,,,both
box_blur_32,0.9,0.1,0.0,0.0,0.0,0.0,0.0,0.0,,,,,,,,,,,,,,both
box_blur_32,0.8,0.2,0.0,0.0,0.0,0.0,0.0,0.0,,,,,,,,,,,,,,both
box_blur_32,0.7,0.3,0.0,0.0,0.0,0.0,0.0,0.0,,,,,,,,,,,,,,both
box_blur_32,0.6,0.4,0.0,0.0,0.0,0.0,0.0,0.0,,,,,,,,,,,,,,both
box_blur_32,0.5,0.5,0.0,0.0,0.0,0.0,0.0,0.0,,,,,,,,,,,,,,both
box_blur_32,0.4,0.6,0.0,0.0,0.0,0.0,0.0,0.0,,,,,,,,,,,,,,both
box_blur_32,0.3,0.7,0.0,0.0,0.0,0.0,0.0,0.0,,,,,,,,,,,,,,both
box_blur_32,0.2,0.8,0.0,0.0,0.0,0.0,0.0,0.0,,,,,,,,,,,,,,both
box_blur_32,0.1,0.9,0.0,0.0,0.0,0.0,0.0,0.0,,,,,,,,,,,,,,both
box_blur_32,0.0,1.0,0.0,0.0,0.0,0.0,0.0,0.0,,,,,,,,,,,,,,eval_only
box_blur_4,1.0,0.0,5.0,0.0,0.0,1.0,0.0,0.0,5.0,0.0,12.773,0.168,0.114,0.282,357.0,18.1967,79.0,11.811,78.0,1.0,79.0,both
box_blur_4,0.9,0.1,5.0,0.0,0.0,1.0,0.0,0.0,5.0,0.0,13.001,0.168,0.115,0.282,357.0,18.1967,79.0,11.867,78.0,1.0,79.0,both
box_blur_4,0.8,0.2,8.0,0.0,0.0,0.0,0.0,0.0,4.0,0.0,12.706,0.225,0.0,0.225,359.0,0.125542,14.0,11.979,14.0,0.0,14.0,both
box_blur_4,0.7,0.3,8.0,0.0,0.0,0.0,0.0,0.0,4.0,0.0,12.767,0.225,0.0,0.225,359.5,0.125542,14.0,11.698,14.0,0.0,14.0,both
box_blur_4,0.6,0.4,8.0,0.0,0.0,0.0,0.0,0.0,4.0,0.0,12.647,0.224,0.0,0.224,359.0,0.125542,14.0,11.759,14.0,0.0,14.0,both
box_blur_4,0.5,0.5,8.0,0.0,0.0,0.0,0.0,0.0,4.0,0.0,12.734,0.221,0.0,0.221,359.0,0.125542,14.0,15.521,14.0,0.0,14.0,both
box_blur_4,0.4,0.6,8.0,0.0,0.0,0.0,0.0,0.0,4.0,0.0,12.908,0.227,0.0,0.227,359.0,0.125542,14.0,11.737,14.0,0.0,14.0,both
box_blur_4,0.3,0.7,8.0,0.0,0.0,0.0,0.0,0.0,4.0,0.0,12.997,0.227,0.0,0.227,359.0,0.125542,14.0,11.756,14.0,0.0,14.0,both
box_blur_4,0.2,0.8,8.0,0.0,0.0,0.0,0.0,0.0,5.0,0.0,12.94,0.227,0.0,0.227,359.0,0.125542,15.0,12.067,15.0,0.0,15.0,both
box_blur_4,0.1,0.9,8.0,0.0,0.0,0.0,0.0,0.0,6.0,0.0,13.25,0.227,0.0,0.227,359.0,0.125542,16.0,11.798,16.0,0.0,16.0,both
box_blur_4,0.0,1.0,13.0,0.0,0.0,0.0,0.0,0.0,6.0,0.0,,,,,,,,5.236,21006.0,0.0,21006.0,eval_only
box_blur_8,1.0,0.0,0.0,0.0,0.0,0.0,0.0,0.0,,,,,,,,,,,,,,both
box_blur_8,0.9,0.1,0.0,0.0,0.0,0.0,0.0,0.0,,,,,,,,,,,,,,both
box_blur_8,0.8,0.2,0.0,0.0,0.0,0.0,0.0,0.0,,,,,,,,,,,,,,both
box_blur_8,0.7,0.3,0.0,0.0,0.0,0.0,0.0,0.0,,,,,,,,,,,,,,both
box_blur_8,0.6,0.4,0.0,0.0,0.0,0.0,0.0,0.0,,,,,,,,,,,,,,both
box_blur_8,0.5,0.5,0.0,0.0,0.0,0.0,0.0,0.0,,,,,,,,,,,,,,both
box_blur_8,0.4,0.6,0.0,0.0,0.0,0.0,0.0,0.0,,,,,,,,,,,,,,both
box_blur_8,0.3,0.7,0.0,0.0,0.0,0.0,0.0,0.0,,,,,,,,,,,,,,both
box_blur_8,0.2,0.8,0.0,0.0,0.0,0.0,0.0,0.0,,,,,,,,,,,,,,both
box_blur_8,0.1,0.9,0.0,0.0,0.0,0.0,0.0,0.0,,,,,,,,,,,,,,both
box_blur_8,0.0,1.0,0.0,0.0,0.0,0.0,0.0,0.0,,,,,,,,,,,,,,eval_only
dot_product_16,1.0,0.0,4.0,0.0,0.0,5.0,0.0,1.0,10.0,1.0,14.922,0.385,0.568,0.953,324.0,90.4814,713.0,12.214,708.0,5.0,713.0,both
dot_product_16,0.9,0.1,4.0,0.0,0.0,4.0,0.0,1.0,9.0,1.0,14.273,0.369,0.456,0.825,326.0,72.4103,405.0,11.553,401.0,4.0,405.0,both
dot_product_16,0.85,0.15,4.0,0.0,0.0,4.0,0.0,1.0,9.0,1.0,,,,,,,,11.363,401.0,4.0,405.0,eval_only
dot_product_16,0.825,0.175,4.0,0.0,0.0,3.0,0.0,2.0,8.0,1.0,,,,,,,,10.889,386.0,3.0,389.0,eval_only
dot_product_16,0.81875,0.18125,4.0,0.0,0.0,3.0,0.0,2.0,8.0,1.0,,,,,,,,10.819,386.0,3.0,389.0,eval_only
dot_product_16,0.815625,0.184375,4.0,0.0,0.0,3.0,0.0,2.0,8.0,1.0,,,,,,,,10.976,386.0,3.0,389.0,eval_only
dot_product_16,0.814062,0.185938,10.0,0.0,0.0,3.0,0.0,4.0,11.0,1.0,,,,,,,,11.053,572.0,1.0,573.0,eval_only
dot_product_16,0.8125,0.1875,10.0,0.0,0.0,3.0,0.0,4.0,11.0,1.0,,,,,,,,10.9,572.0,1.0,573.0,eval_only
dot_product_16,0.8,0.2,10.0,0.0,0.0,3.0,0.0,4.0,11.0,1.0,13.717,0.897,0.114,1.011,326.5,18.1967,573.0,11.062,572.0,1.0,573.0,both
dot_product_16,0.7,0.3,14.0,0.0,0.0,1.0,0.0,8.0,14.0,1.0,18.813,1.577,0.114,1.691,326.0,18.1967,,14.89,876.0,1.0,877.0,both
dot_product_16,0.6,0.4,13.0,0.0,0.0,1.0,0.0,8.0,12.0,1.0,18.823,1.572,0.114,1.686,326.5,18.1967,,15.213,874.0,1.0,875.0,both
dot_product_16,0.5,0.5,8.0,0.0,0.0,1.0,0.0,8.0,10.0,1.0,17.473,1.572,0.115,1.687,326.0,18.1967,,14.638,871.0,1.0,872.0,both
dot_product_16,0.4,0.6,15.0,0.0,0.0,0.0,0.0,16.0,5.0,1.0,14.928,3.023,0.0,3.023,326.0,0.125542,,12.561,8010.0,0.0,8010.0,both
dot_product_16,0.3,0.7,15.0,0.0,0.0,0.0,0.0,16.0,5.0,1.0,14.83,3.026,0.0,3.027,326.0,0.125542,,12.855,8010.0,0.0,8010.0,both
dot_product_16,0.2,0.8,15.0,0.0,0.0,0.0,0.0,16.0,5.0,1.0,14.758,3.022,0.0,3.022,326.5,0.125542,,12.427,8010.0,0.0,8010.0,both
dot_product_16,0.1,0.9,15.0,0.0,0.0,0.0,0.0,16.0,5.0,1.0,14.8,3.02,0.0,3.02,326.0,0.125542,,12.399,8010.0,0.0,8010.0,both
dot_product_16,0.0,1.0,15.0,0.0,0.0,0.0,0.0,16.0,5.0,1.0,,,,,,,,5.127,7758.0,0.0,7758.0,eval_only
dot_product_32,1.0,0.0,5.0,0.0,0.0,5.0,0.0,1.0,11.0,1.0,35.174,0.407,0.558,0.965,325.5,90.4814,715.0,29.367,710.0,5.0,715.0,both
dot_product_32,0.9,0.1,5.0,0.0,0.0,4.0,0.0,2.0,10.0,1.0,24.635,0.553,0.447,1.0,325.5,72.4103,507.0,21.738,503.0,4.0,507.0,both
dot_product_32,0.85,0.15,6.0,0.0,0.0,3.0,0.0,4.0,9.0,1.0,,,,,,,,17.29,589.0,3.0,592.0,eval_only
dot_product_32,0.8375,0.1625,6.0,0.0,0.0,3.0,0.0,4.0,9.0,1.0,,,,,,,,17.377,589.0,3.0,592.0,eval_only
dot_product_32,0.83125,0.16875,6.0,0.0,0.0,3.0,0.0,4.0,9.0,1.0,,,,,,,,17.255,589.0,3.0,592.0,eval_only
dot_product_32,0.829688,0.170312,15.0,0.0,0.0,3.0,0.0,8.0,18.0,1.0,,,,,,,,19.83,1082.0,1.0,1083.0,eval_only
dot_product_32,0.828125,0.171875,15.0,0.0,0.0,3.0,0.0,8.0,18.0,1.0,,,,,,,,19.71,1082.0,1.0,1083.0,eval_only
dot_product_32,0.825,0.175,15.0,0.0,0.0,3.0,0.0,8.0,18.0,1.0,,,,,,,,19.431,1082.0,1.0,1083.0,eval_only
dot_product_32,0.8,0.2,16.0,0.0,0.0,1.0,0.0,16.0,12.0,1.0,26.619,3.051,0.112,3.164,326.0,18.1967,,22.162,1681.0,1.0,1682.0,both
dot_product_32,0.7,0.3,16.0,0.0,0.0,1.0,0.0,16.0,15.0,1.0,24.729,3.051,0.113,3.164,326.0,18.1967,,21.826,1684.0,1.0,1685.0,both
dot_product_32,0.6,0.4,16.0,0.0,0.0,1.0,0.0,16.0,15.0,1.0,26.329,3.052,0.113,3.164,326.0,18.1967,,21.844,1686.0,1.0,1687.0,both
dot_product_32,0.5,0.5,16.0,0.0,0.0,1.0,0.0,16.0,15.0,1.0,24.353,3.033,0.112,3.145,326.0,18.1967,,22.087,1686.0,1.0,1687.0,both
dot_product_32,0.4,0.6,31.0,0.0,0.0,0.0,0.0,32.0,6.0,1.0,17.87,5.958,0.0,5.958,326.0,0.125542,,15.69,16011.0,0.0,16011.0,both
dot_product_32,0.3,0.7,31.0,0.0,0.0,0.0,0.0,32.0,6.0,1.0,17.873,5.957,0.0,5.957,326.0,0.125542,,15.618,16011.0,0.0,16011.0,both
dot_product_32,0.2,0.8,31.0,0.0,0.0,0.0,0.0,32.0,6.0,1.0,17.899,5.957,0.0,5.957,326.0,0.125542,,15.392,16011.0,0.0,16011.0,both
dot_product_32,0.1,0.9,31.0,0.0,0.0,0.0,0.0,32.0,6.0,1.0,18.326,5.959,0.0,5.959,326.0,0.125542,,15.872,16011.0,0.0,16011.0,both
dot_product_32,0.0,1.0,31.0,0.0,0.0,0.0,0.0,32.0,6.0,1.0,,,,,,,,5.275,15759.0,0.0,15759.0,eval_only
dot_product_4,1.0,0.0,2.0,0.0,0.0,3.0,0.0,1.0,6.0,1.0,15.355,0.298,0.334,0.632,324.5,54.3391,285.0,14.497,282.0,3.0,285.0,both
dot_product_4,0.9,0.1,2.0,0.0,0.0,3.0,0.0,1.0,6.0,1.0,11.961,0.304,0.343,0.646,324.5,54.3391,285.0,10.107,282.0,3.0,285.0,both
dot_product_4,0.8,0.2,2.0,0.0,0.0,2.0,0.0,1.0,5.0,1.0,11.772,0.287,0.23,0.517,327.0,36.2679,217.0,9.989,215.0,2.0,217.0,both
dot_product_4,0.7,0.3,2.0,0.0,0.0,1.0,0.0,2.0,4.0,1.0,12.066,0.435,0.116,0.551,328.0,18.1967,261.0,9.74,260.0,1.0,261.0,both
dot_product_4,0.6,0.4,2.0,0.0,0.0,1.0,0.0,2.0,4.0,1.0,12.021,0.435,0.116,0.551,327.5,18.1967,261.0,9.663,260.0,1.0,261.0,both
dot_product_4,0.5,0.5,2.0,0.0,0.0,1.0,0.0,2.0,4.0,1.0,12.219,0.435,0.116,0.55,327.0,18.1967,261.0,9.735,260.0,1.0,261.0,both
dot_product_4,0.4,0.6,3.0,0.0,0.0,0.0,0.0,4.0,3.0,1.0,12.097,0.773,0.0,0.773,328.0,0.125542,1756.0,9.394,1756.0,0.0,1756.0,both
dot_product_4,0.3,0.7,3.0,0.0,0.0,0.0,0.0,4.0,3.0,1.0,12.132,0.776,0.0,0.776,327.5,0.125542,1756.0,9.606,1756.0,0.0,1756.0,both
dot_product_4,0.2,0.8,3.0,0.0,0.0,0.0,0.0,4.0,3.0,1.0,12.023,0.776,0.0,0.776,327.0,0.125542,1756.0,9.506,1756.0,0.0,1756.0,both
dot_product_4,0.1,0.9,3.0,0.0,0.0,0.0,0.0,4.0,3.0,1.0,12.096,0.775,0.0,0.775,328.0,0.125542,1756.0,9.412,1756.0,0.0,1756.0,both
dot_product_4,0.0,1.0,3.0,0.0,0.0,0.0,0.0,4.0,3.0,1.0,,,,,,,,6.158,1756.0,0.0,1756.0,eval_only
dot_product_8,1.0,0.0,3.0,0.0,0.0,4.0,0.0,1.0,8.0,1.0,12.517,0.346,0.455,0.801,324.0,72.4103,403.0,10.054,399.0,4.0,403.0,both
dot_product_8,0.9,0.1,3.0,0.0,0.0,4.0,0.0,1.0,8.0,1.0,12.395,0.345,0.456,0.801,324.0,72.4103,403.0,9.991,399.0,4.0,403.0,both
dot_product_8,0.8,0.2,3.0,0.0,0.0,3.0,0.0,1.0,7.0,1.0,12.499,0.327,0.343,0.67,326.5,54.3391,287.0,9.907,284.0,3.0,287.0,both
dot_product_8,0.75,0.25,3.0,0.0,0.0,2.0,0.0,2.0,6.0,1.0,,,,,,,,9.588,317.0,2.0,319.0,eval_only
dot_product_8,0.7,0.3,4.0,0.0,0.0,1.0,0.0,4.0,5.0,1.0,12.49,0.817,0.115,0.932,327.0,18.1967,464.0,9.724,463.0,1.0,464.0,both
dot_product_8,0.6,0.4,4.0,0.0,0.0,1.0,0.0,4.0,5.0,1.0,12.386,0.816,0.115,0.93,327.0,18.1967,464.0,9.765,463.0,1.0,464.0,both
dot_product_8,0.5,0.5,6.0,0.0,0.0,1.0,0.0,4.0,6.0,1.0,12.412,0.819,0.116,0.935,327.0,18.1967,465.0,9.963,464.0,1.0,465.0,both
dot_product_8,0.4,0.6,7.0,0.0,0.0,0.0,0.0,8.0,4.0,1.0,13.797,1.545,0.0,1.545,327.0,0.125542,,11.121,3757.0,0.0,3757.0,both
dot_product_8,0.3,0.7,7.0,0.0,0.0,0.0,0.0,8.0,4.0,1.0,13.919,1.545,0.0,1.545,327.0,0.125542,,11.079,4008.0,0.0,4008.0,both
dot_product_8,0.2,0.8,7.0,0.0,0.0,0.0,0.0,8.0,4.0,1.0,14.076,1.536,0.0,1.536,327.0,0.125542,,11.256,4008.0,0.0,4008.0,both
dot_product_8,0.1,0.9,7.0,0.0,0.0,0.0,0.0,8.0,4.0,1.0,14.156,1.54,0.0,1.54,327.0,0.125542,,11.06,4008.0,0.0,4008.0,both
dot_product_8,0.0,1.0,7.0,0.0,0.0,0.0,0.0,8.0,4.0,1.0,,,,,,,,5.313,3757.0,0.0,3757.0,eval_only
gx_kernel_16,1.0,0.0,,,,,,,,,,,,,,,,,,,,both
gx_kernel_16,0.9,0.1,,,,,,,,,,,,,,,,,,,,both
gx_kernel_16,0.8,0.2,,,,,,,,,,,,,,,,,,,,both
gx_kernel_16,0.7,0.3,,,,,,,,,,,,,,,,,,,,both
gx_kernel_16,0.6,0.4,,,,,,,,,,,,,,,,,,,,both
gx_kernel_16,0.5,0.5,,,,,,,,,,,,,,,,,,,,both
gx_kernel_16,0.4,0.6,,,,,,,,,,,,,,,,,,,,both
gx_kernel_16,0.3,0.7,,,,,,,,,,,,,,,,,,,,both
gx_kernel_16,0.2,0.8,,,,,,,,,,,,,,,,,,,,both
gx_kernel_16,0.1,0.9,,,,,,,,,,,,,,,,,,,,both
gx_kernel_16,0.0,1.0,0.0,0.0,0.0,0.0,0.0,0.0,,,,,,,,,,,,,,eval_only
gx_kernel_32,1.0,0.0,,,,,,,,,,,,,,,,,,,,both
gx_kernel_32,0.9,0.1,,,,,,,,,,,,,,,,,,,,both
gx_kernel_32,0.8,0.2,,,,,,,,,,,,,,,,,,,,both
gx_kernel_32,0.7,0.3,,,,,,,,,,,,,,,,,,,,both
gx_kernel_32,0.6,0.4,,,,,,,,,,,,,,,,,,,,both
gx_kernel_32,0.5,0.5,,,,,,,,,,,,,,,,,,,,both
gx_kernel_32,0.4,0.6,,,,,,,,,,,,,,,,,,,,both
gx_kernel_32,0.3,0.7,,,,,,,,,,,,,,,,,,,,both
gx_kernel_32,0.2,0.8,,,,,,,,,,,,,,,,,,,,both
gx_kernel_32,0.1,0.9,,,,,,,,,,,,,,,,,,,,both
gx_kernel_32,0.0,1.0,0.0,0.0,0.0,0.0,0.0,0.0,,,,,,,,,,,,,,eval_only
gx_kernel_4,1.0,0.0,4.0,0.0,1.0,1.0,2.0,3.0,6.0,1.0,15.805,0.487,0.112,0.599,327.5,18.1967,382.0,13.013,381.0,1.0,382.0,both
gx_kernel_4,0.9,0.1,4.0,0.0,1.0,1.0,2.0,4.0,7.0,2.0,14.253,0.648,0.112,0.761,295.0,18.1967,484.0,13.537,483.0,1.0,484.0,both
gx_kernel_4,0.8,0.2,4.0,0.0,1.0,1.0,2.0,4.0,7.0,2.0,14.006,0.648,0.112,0.761,295.0,18.1967,484.0,13.469,483.0,1.0,484.0,both
gx_kernel_4,0.7,0.3,5.0,0.0,2.0,0.0,2.0,4.0,6.0,2.0,12.432,0.508,0.0,0.508,296.0,0.125542,417.0,11.922,417.0,0.0,417.0,both
gx_kernel_4,0.6,0.4,5.0,0.0,2.0,0.0,2.0,4.0,6.0,2.0,12.387,0.508,0.0,0.508,296.0,0.125542,417.0,11.936,417.0,0.0,417.0,both
gx_kernel_4,0.5,0.5,5.0,0.0,2.0,0.0,2.0,5.0,6.0,3.0,12.507,0.669,0.0,0.669,276.0,0.125542,518.0,12.111,518.0,0.0,518.0,both
gx_kernel_4,0.4,0.6,5.0,0.0,2.0,0.0,2.0,5.0,6.0,3.0,12.457,0.669,0.0,0.669,276.0,0.125542,518.0,12.137,518.0,0.0,518.0,both
gx_kernel_4,0.3,0.7,5.0,0.0,2.0,0.0,2.0,5.0,6.0,3.0,12.575,0.669,0.0,0.67,276.0,0.125542,518.0,12.12,518.0,0.0,518.0,both
gx_kernel_4,0.2,0.8,5.0,0.0,2.0,0.0,2.0,5.0,6.0,3.0,12.478,0.67,0.0,0.67,276.5,0.125542,518.0,12.095,518.0,0.0,518.0,both
gx_kernel_4,0.1,0.9,3.0,2.0,2.0,0.0,0.0,5.0,6.0,3.0,12.888,0.668,0.0,0.668,276.0,0.125542,516.0,12.269,516.0,0.0,516.0,both
gx_kernel_4,0.0,1.0,10.0,0.0,5.0,0.0,2.0,5.0,7.0,1.0,,,,,,,,9.682,21507.0,0.0,21507.0,eval_only
gx_kernel_8,1.0,0.0,,,,,,,,,,,,,,,,,,,,both
gx_kernel_8,0.9,0.1,,,,,,,,,,,,,,,,,,,,both
gx_kernel_8,0.8,0.2,,,,,,,,,,,,,,,,,,,,both
gx_kernel_8,0.7,0.3,,,,,,,,,,,,,,,,,,,,both
gx_kernel_8,0.6,0.4,,,,,,,,,,,,,,,,,,,,both
gx_kernel_8,0.5,0.5,,,,,,,,,,,,,,,,,,,,both
gx_kernel_8,0.4,0.6,,,,,,,,,,,,,,,,,,,,both
gx_kernel_8,0.3,0.7,,,,,,,,,,,,,,,,,,,,both
gx_kernel_8,0.2,0.8,,,,,,,,,,,,,,,,,,,,both
gx_kernel_8,0.1,0.9,,,,,,,,,,,,,,,,,,,,both
gx_kernel_8,0.0,1.0,0.0,0.0,0.0,0.0,0.0,0.0,,,,,,,,,,,,,,eval_only
gy_kernel_16,1.0,0.0,,,,,,,,,,,,,,,,,,,,both
gy_kernel_16,0.9,0.1,,,,,,,,,,,,,,,,,,,,both
gy_kernel_16,0.8,0.2,,,,,,,,,,,,,,,,,,,,both
gy_kernel_16,0.7,0.3,,,,,,,,,,,,,,,,,,,,both
gy_kernel_16,0.6,0.4,,,,,,,,,,,,,,,,,,,,both
gy_kernel_16,0.5,0.5,,,,,,,,,,,,,,,,,,,,both
gy_kernel_16,0.4,0.6,,,,,,,,,,,,,,,,,,,,both
gy_kernel_16,0.3,0.7,,,,,,,,,,,,,,,,,,,,both
gy_kernel_16,0.2,0.8,,,,,,,,,,,,,,,,,,,,both
gy_kernel_16,0.1,0.9,,,,,,,,,,,,,,,,,,,,both
gy_kernel_16,0.0,1.0,0.0,0.0,0.0,0.0,0.0,0.0,,,,,,,,,,,,,,eval_only
gy_kernel_32,1.0,0.0,,,,,,,,,,,,,,,,,,,,both
gy_kernel_32,0.9,0.1,,,,,,,,,,,,,,,,,,,,both
gy_kernel_32,0.8,0.2,,,,,,,,,,,,,,,,,,,,both
gy_kernel_32,0.7,0.3,,,,,,,,,,,,,,,,,,,,both
gy_kernel_32,0.6,0.4,,,,,,,,,,,,,,,,,,,,both
gy_kernel_32,0.5,0.5,,,,,,,,,,,,,,,,,,,,both
gy_kernel_32,0.4,0.6,,,,,,,,,,,,,,,,,,,,both
gy_kernel_32,0.3,0.7,,,,,,,,,,,,,,,,,,,,both
gy_kernel_32,0.2,0.8,,,,,,,,,,,,,,,,,,,,both
gy_kernel_32,0.1,0.9,,,,,,,,,,,,,,,,,,,,both
gy_kernel_32,0.0,1.0,0.0,0.0,0.0,0.0,0.0,0.0,,,,,,,,,,,,,,eval_only
gy_kernel_4,1.0,0.0,3.0,0.0,0.0,1.0,3.0,3.0,6.0,1.0,13.138,0.613,0.112,0.725,327.0,18.1967,382.0,12.608,381.0,1.0,382.0,both
gy_kernel_4,0.9,0.1,3.0,0.0,0.0,1.0,3.0,4.0,7.0,2.0,13.728,0.776,0.112,0.888,295.0,18.1967,484.0,13.435,483.0,1.0,484.0,both
gy_kernel_4,0.8,0.2,7.0,0.0,0.0,1.0,4.0,7.0,7.0,2.0,13.923,1.357,0.112,1.469,294.5,18.1967,1285.0,13.765,1284.0,1.0,1285.0,both
gy_kernel_4,0.7,0.3,6.0,1.0,0.0,0.0,4.0,5.0,6.0,1.0,12.744,1.015,0.0,1.015,327.0,0.125542,1015.0,12.265,1015.0,0.0,1015.0,both
gy_kernel_4,0.6,0.4,6.0,1.0,0.0,0.0,4.0,6.0,7.0,2.0,12.979,1.177,0.0,1.177,295.0,0.125542,1117.0,12.709,1117.0,0.0,1117.0,both
gy_kernel_4,0.5,0.5,5.0,2.0,0.0,0.0,3.0,7.0,8.0,3.0,13.048,1.34,0.0,1.34,263.0,0.125542,1218.0,12.887,1218.0,0.0,1218.0,both
gy_kernel_4,0.4,0.6,5.0,2.0,0.0,0.0,3.0,8.0,8.0,3.0,13.417,1.504,0.0,1.504,263.0,0.125542,1318.0,13.301,1318.0,0.0,1318.0,both
gy_kernel_4,0.3,0.7,5.0,2.0,0.0,0.0,3.0,8.0,8.0,3.0,13.631,1.504,0.0,1.504,263.0,0.125542,1318.0,13.136,1318.0,0.0,1318.0,both
gy_kernel_4,0.2,0.8,5.0,2.0,0.0,0.0,3.0,8.0,8.0,3.0,13.347,1.504,0.0,1.504,263.0,0.125542,1318.0,13.378,1318.0,0.0,1318.0,both
gy_kernel_4,0.1,0.9,5.0,2.0,0.0,0.0,3.0,8.0,8.0,3.0,13.359,1.504,0.0,1.504,263.0,0.125542,1318.0,12.923,1318.0,0.0,1318.0,both
gy_kernel_4,0.0,1.0,13.0,0.0,8.0,0.0,1.0,8.0,8.0,1.0,,,,,,,,5.211,21507.0,0.0,21507.0,eval_only
gy_kernel_8,1.0,0.0,,,,,,,,,,,,,,,,,,,,both
gy_kernel_8,0.9,0.1,,,,,,,,,,,,,,,,,,,,both
gy_kernel_8,0.8,0.2,,,,,,,,,,,,,,,,,,,,both
gy_kernel_8,0.7,0.3,,,,,,,,,,,,,,,,,,,,both
gy_kernel_8,0.6,0.4,,,,,,,,,,,,,,,,,,,,both
gy_kernel_8,0.5,0.5,,,,,,,,,,,,,,,,,,,,both
gy_kernel_8,0.4,0.6,,,,,,,,,,,,,,,,,,,,both
gy_kernel_8,0.3,0.7,,,,,,,,,,,,,,,,,,,,both
gy_kernel_8,0.2,0.8,,,,,,,,,,,,,,,,,,,,both
gy_kernel_8,0.1,0.9,,,,,,,,,,,,,,,,,,,,both
gy_kernel_8,0.0,1.0,0.0,0.0,0.0,0.0,0.0,0.0,,,,,,,,,,,,,,eval_only
hamming_dist_16,1.0,0.0,6.0,1.0,0.0,5.0,0.0,3.0,12.0,2.0,43.448,0.782,0.579,1.36,294.0,90.4814,1067.0,39.972,1062.0,5.0,1067.0,both
hamming_dist_16,0.9,0.1,6.0,1.0,0.0,4.0,0.0,3.0,12.0,2.0,38.603,0.762,0.462,1.224,294.0,72.4103,760.0,35.465,756.0,4.0,760.0,both
hamming_dist_16,0.85,0.15,7.0,2.0,1.0,3.0,0.0,5.0,11.0,2.0,,,,,,,,26.21,843.0,3.0,846.0,eval_only
hamming_dist_16,0.8,0.2,25.0,9.0,7.0,2.0,0.0,19.0,12.0,2.0,32.818,2.342,0.23,2.572,294.0,36.2679,,29.865,2093.0,2.0,2095.0,both
hamming_dist_16,0.7,0.3,22.0,8.0,7.0,1.0,0.0,17.0,12.0,2.0,33.348,1.982,0.116,2.098,295.0,18.1967,,29.39,2090.0,1.0,2091.0,both
hamming_dist_16,0.6,0.4,20.0,8.0,7.0,1.0,0.0,17.0,13.0,2.0,32.338,1.986,0.117,2.103,295.0,18.1967,,29.552,2091.0,1.0,2092.0,both
hamming_dist_16,0.5,0.5,20.0,8.0,7.0,1.0,0.0,17.0,13.0,2.0,33.495,1.985,0.117,2.101,295.0,18.1967,,29.791,2091.0,1.0,2092.0,both
hamming_dist_16,0.4,0.6,31.0,16.0,16.0,0.0,0.0,32.0,7.0,2.0,21.655,3.129,0.0,3.129,325.0,0.125542,,19.503,20013.0,0.0,20013.0,both
hamming_dist_16,0.3,0.7,31.0,16.0,16.0,0.0,0.0,32.0,7.0,2.0,22.555,3.13,0.0,3.13,325.0,0.125542,,19.623,20013.0,0.0,20013.0,both
hamming_dist_16,0.2,0.8,31.0,16.0,16.0,0.0,0.0,32.0,7.0,2.0,22.215,3.129,0.0,3.129,325.5,0.125542,,19.463,20013.0,0.0,20013.0,both
hamming_dist_16,0.1,0.9,31.0,16.0,16.0,0.0,0.0,32.0,7.0,2.0,22.706,3.119,0.0,3.119,325.0,0.125542,,19.43,20013.0,0.0,20013.0,both
hamming_dist_16,0.0,1.0,31.0,16.0,16.0,0.0,0.0,32.0,7.0,2.0,,,,,,,,5.245,19761.0,0.0,19761.0,eval_only
hamming_dist_32,1.0,0.0,7.0,1.0,0.0,5.0,0.0,3.0,14.0,2.0,361.765,0.789,0.566,1.355,292.0,90.4814,1070.0,363.44,1065.0,5.0,1070.0,both
hamming_dist_32,0.9,0.1,7.0,1.0,0.0,5.0,0.0,3.0,14.0,2.0,363.081,0.788,0.562,1.349,292.5,90.4814,1070.0,361.433,1065.0,5.0,1070.0,both
hamming_dist_32,0.8875,0.1125,10.0,3.0,2.0,4.0,0.0,7.0,12.0,2.0,,,,,,,,162.958,1163.0,4.0,1167.0,eval_only
hamming_dist_32,0.88125,0.11875,11.0,4.0,3.0,3.0,0.0,9.0,12.0,2.0,,,,,,,,121.654,1250.0,3.0,1253.0,eval_only
hamming_dist_32,0.879688,0.120312,30.0,8.0,7.0,5.0,0.0,17.0,17.0,2.0,,,,,,,,121.01,2048.0,1.0,2049.0,eval_only
hamming_dist_32,0.878125,0.121875,30.0,8.0,7.0,5.0,0.0,17.0,17.0,2.0,,,,,,,,121.057,2048.0,1.0,2049.0,eval_only
hamming_dist_32,0.875,0.125,30.0,8.0,7.0,5.0,0.0,17.0,17.0,2.0,,,,,,,,120.286,2048.0,1.0,2049.0,eval_only
hamming_dist_32,0.85,0.15,28.0,8.0,7.0,5.0,0.0,17.0,17.0,2.0,,,,,,,,116.382,2049.0,1.0,2050.0,eval_only
hamming_dist_32,0.8,0.2,34.0,16.0,15.0,1.0,0.0,33.0,10.0,2.0,74.757,3.456,0.112,3.569,295.0,18.1967,,73.009,5312.0,1.0,5313.0,both
hamming_dist_32,0.7,0.3,34.0,16.0,15.0,1.0,0.0,33.0,10.0,2.0,74.541,3.45,0.112,3.563,295.0,18.1967,,72.793,5312.0,1.0,5313.0,both
hamming_dist_32,0.6,0.4,34.0,16.0,15.0,1.0,0.0,33.0,10.0,2.0,74.031,3.492,0.114,3.606,295.0,18.1967,,73.543,5312.0,1.0,5313.0,both
hamming_dist_32,0.5,0.5,34.0,16.0,15.0,1.0,0.0,33.0,10.0,2.0,77.597,3.524,0.116,3.64,295.0,18.1967,,72.809,5312.0,1.0,5313.0,both
hamming_dist_32,0.4,0.6,34.0,16.0,15.0,1.0,0.0,33.0,10.0,2.0,74.919,3.511,0.115,3.626,295.0,18.1967,,72.794,5312.0,1.0,5313.0,both
hamming_dist_32,0.3,0.7,63.0,32.0,32.0,0.0,0.0,64.0,8.0,2.0,36.438,6.152,0.0,6.152,325.0,0.125542,,33.845,40014.0,0.0,40014.0,both
hamming_dist_32,0.2,0.8,63.0,32.0,32.0,0.0,0.0,64.0,8.0,2.0,36.347,6.138,0.0,6.138,325.0,0.125542,,33.194,40014.0,0.0,40014.0,both
hamming_dist_32,0.1,0.9,63.0,32.0,32.0,0.0,0.0,64.0,8.0,2.0,35.978,6.138,0.0,6.138,325.0,0.125542,,33.595,40014.0,0.0,40014.0,both
hamming_dist_32,0.0,1.0,63.0,32.0,32.0,0.0,0.0,64.0,8.0,2.0,,,,,,,,5.379,39762.0,0.0,39762.0,eval_only
hamming_dist_4,1.0,0.0,3.0,1.0,0.0,4.0,0.0,2.0,8.0,2.0,12.351,0.529,0.336,0.866,295.0,54.3391,456.0,11.412,453.0,3.0,456.0,both
hamming_dist_4,0.9,0.1,4.0,1.0,0.0,3.0,0.0,3.0,8.0,2.0,12.163,0.677,0.336,1.013,295.0,54.3391,639.0,11.406,636.0,3.0,639.0,both
hamming_dist_4,0.8,0.2,4.0,1.0,0.0,2.0,0.0,3.0,8.0,2.0,12.138,0.66,0.224,0.884,295.0,36.2679,572.0,11.382,570.0,2.0,572.0,both
hamming_dist_4,0.7,0.3,6.0,2.0,1.0,1.0,0.0,5.0,7.0,2.0,12.032,0.806,0.113,0.919,295.0,18.1967,868.0,11.268,867.0,1.0,868.0,both
hamming_dist_4,0.6,0.4,6.0,2.0,1.0,1.0,0.0,5.0,7.0,2.0,12.057,0.809,0.113,0.922,295.0,18.1967,868.0,11.338,867.0,1.0,868.0,both
hamming_dist_4,0.5,0.5,6.0,2.0,1.0,1.0,0.0,5.0,7.0,2.0,12.299,0.821,0.116,0.936,295.0,18.1967,868.0,11.359,867.0,1.0,868.0,both
hamming_dist_4,0.4,0.6,7.0,4.0,4.0,0.0,0.0,8.0,5.0,2.0,14.068,0.782,0.0,0.782,326.0,0.125542,,12.972,5011.0,0.0,5011.0,both
hamming_dist_4,0.3,0.7,7.0,4.0,4.0,0.0,0.0,8.0,5.0,2.0,14.365,0.784,0.0,0.784,327.0,0.125542,,13.077,5011.0,0.0,5011.0,both
hamming_dist_4,0.2,0.8,7.0,4.0,4.0,0.0,0.0,8.0,5.0,2.0,14.276,0.783,0.0,0.783,326.5,0.125542,,12.827,5011.0,0.0,5011.0,both
hamming_dist_4,0.1,0.9,7.0,4.0,4.0,0.0,0.0,8.0,5.0,2.0,14.267,0.783,0.0,0.783,326.0,0.125542,,12.895,5011.0,0.0,5011.0,both
hamming_dist_4,0.0,1.0,7.0,4.0,4.0,0.0,0.0,8.0,5.0,2.0,,,,,,,,5.033,4759.0,0.0,4759.0,eval_only
hamming_dist_8,1.0,0.0,4.0,1.0,0.0,5.0,0.0,2.0,10.0,2.0,15.743,0.582,0.459,1.041,294.5,72.4103,622.0,14.795,618.0,4.0,622.0,both
hamming_dist_8,0.9,0.1,5.0,1.0,0.0,4.0,0.0,3.0,10.0,2.0,14.908,0.735,0.459,1.194,294.0,72.4103,757.0,13.652,753.0,4.0,757.0,both
hamming_dist_8,0.85,0.15,5.0,1.0,0.0,3.0,0.0,3.0,10.0,2.0,,,,,,,,13.134,639.0,3.0,642.0,eval_only
hamming_dist_8,0.8,0.2,6.0,2.0,1.0,2.0,0.0,5.0,9.0,2.0,13.721,0.861,0.229,1.09,295.0,36.2679,776.0,12.621,774.0,2.0,776.0,both
hamming_dist_8,0.7,0.3,12.0,4.0,3.0,1.0,0.0,9.0,9.0,2.0,21.028,1.204,0.115,1.319,295.0,18.1967,,18.718,1276.0,1.0,1277.0,both
hamming_dist_8,0.6,0.4,12.0,4.0,3.0,1.0,0.0,9.0,9.0,2.0,20.397,1.203,0.115,1.318,295.0,18.1967,,18.786,1276.0,1.0,1277.0,both
hamming_dist_8,0.5,0.5,12.0,4.0,3.0,1.0,0.0,9.0,9.0,2.0,21.206,1.204,0.115,1.318,295.0,18.1967,,18.86,1276.0,1.0,1277.0,both
hamming_dist_8,0.4,0.6,15.0,8.0,8.0,0.0,0.0,16.0,6.0,2.0,16.536,1.552,0.0,1.552,326.0,0.125542,,14.812,10012.0,0.0,10012.0,both
hamming_dist_8,0.3,0.7,15.0,8.0,8.0,0.0,0.0,16.0,6.0,2.0,16.087,1.553,0.0,1.553,326.0,0.125542,,14.757,10012.0,0.0,10012.0,both
hamming_dist_8,0.2,0.8,15.0,8.0,8.0,0.0,0.0,16.0,6.0,2.0,16.667,1.551,0.0,1.551,326.0,0.125542,,14.504,10012.0,0.0,10012.0,both
hamming_dist_8,0.1,0.9,15.0,8.0,8.0,0.0,0.0,16.0,6.0,2.0,16.618,1.565,0.0,1.566,326.0,0.125542,,14.817,10012.0,0.0,10012.0,both
hamming_dist_8,0.0,1.0,15.0,8.0,8.0,0.0,0.0,16.0,6.0,2.0,,,,,,,,5.04,9760.0,0.0,9760.0,eval_only
l2_distance_16,1.0,0.0,4.0,1.0,0.0,5.0,0.0,1.0,11.0,1.0,35.724,0.412,0.571,0.983,324.0,90.4814,715.0,29.749,710.0,5.0,715.0,both
l2_distance_16,0.9,0.1,4.0,1.0,0.0,4.0,0.0,1.0,10.0,1.0,25.01,0.37,0.454,0.824,325.0,72.4103,408.0,21.716,404.0,4.0,408.0,both
l2_distance_16,0.85,0.15,4.0,2.0,0.0,3.0,0.0,2.0,9.0,1.0,,,,,,,,17.086,391.0,3.0,394.0,eval_only
l2_distance_16,0.8375,0.1625,4.0,2.0,0.0,3.0,0.0,2.0,9.0,1.0,,,,,,,,17.56,391.0,3.0,394.0,eval_only
l2_distance_16,0.835938,0.164062,10.0,4.0,0.0,3.0,0.0,4.0,14.0,1.0,,,,,,,,29.788,582.0,1.0,583.0,eval_only
l2_distance_16,0.834375,0.165625,10.0,4.0,0.0,3.0,0.0,4.0,14.0,1.0,,,,,,,,29.676,582.0,1.0,583.0,eval_only
l2_distance_16,0.83125,0.16875,10.0,4.0,0.0,3.0,0.0,4.0,14.0,1.0,,,,,,,,29.634,582.0,1.0,583.0,eval_only
l2_distance_16,0.825,0.175,10.0,4.0,0.0,3.0,0.0,4.0,14.0,1.0,,,,,,,,29.273,582.0,1.0,583.0,eval_only
l2_distance_16,0.8,0.2,15.0,8.0,0.0,1.0,0.0,8.0,13.0,1.0,28.418,1.593,0.116,1.709,325.0,18.1967,,22.951,891.0,1.0,892.0,both
l2_distance_16,0.7,0.3,8.0,8.0,0.0,1.0,0.0,8.0,8.0,1.0,25.692,1.58,0.115,1.695,325.5,18.1967,,21.944,887.0,1.0,888.0,both
l2_distance_16,0.6,0.4,8.0,8.0,0.0,1.0,0.0,8.0,11.0,1.0,27.348,1.579,0.115,1.694,325.5,18.1967,,22.154,888.0,1.0,889.0,both
l2_distance_16,0.5,0.5,8.0,8.0,0.0,1.0,0.0,8.0,11.0,1.0,25.597,1.574,0.114,1.688,325.5,18.1967,,21.989,888.0,1.0,889.0,both
l2_distance_16,0.4,0.6,15.0,16.0,0.0,0.0,0.0,16.0,6.0,1.0,19.018,3.046,0.0,3.046,325.0,0.125542,,15.68,16011.0,0.0,16011.0,both
l2_distance_16,0.3,0.7,15.0,16.0,0.0,0.0,0.0,16.0,6.0,1.0,19.244,3.053,0.0,3.053,325.5,0.125542,,15.63,16011.0,0.0,16011.0,both
l2_distance_16,0.2,0.8,15.0,16.0,0.0,0.0,0.0,16.0,6.0,1.0,18.89,3.052,0.0,3.052,325.0,0.125542,,15.525,16011.0,0.0,16011.0,both
l2_distance_16,0.1,0.9,15.0,16.0,0.0,0.0,0.0,16.0,6.0,1.0,19.181,3.035,0.0,3.035,325.5,0.125542,,15.761,16011.0,0.0,16011.0,both
l2_distance_16,0.0,1.0,15.0,16.0,0.0,0.0,0.0,16.0,6.0,1.0,,,,,,,,4.945,15759.0,0.0,15759.0,eval_only
l2_distance_32,1.0,0.0,5.0,1.0,0.0,5.0,0.0,1.0,12.0,1.0,190.726,0.407,0.56,0.967,324.5,90.4814,718.0,171.827,713.0,5.0,718.0,both
l2_distance_32,0.95,0.05,5.0,1.0,0.0,5.0,0.0,1.0,12.0,1.0,,,,,,,,169.801,713.0,5.0,718.0,eval_only
l2_distance_32,0.925,0.075,5.0,1.0,0.0,5.0,0.0,1.0,12.0,1.0,,,,,,,,173.63,713.0,5.0,718.0,eval_only
l2_distance_32,0.9125,0.0875,5.0,1.0,0.0,5.0,0.0,1.0,12.0,1.0,,,,,,,,173.541,713.0,5.0,718.0,eval_only
l2_distance_32,0.909375,0.090625,5.0,1.0,0.0,5.0,0.0,1.0,12.0,1.0,,,,,,,,171.267,713.0,5.0,718.0,eval_only
l2_distance_32,0.907812,0.092188,6.0,4.0,0.0,3.0,0.0,4.0,10.0,1.0,,,,,,,,63.816,598.0,3.0,601.0,eval_only
l2_distance_32,0.90625,0.09375,6.0,4.0,0.0,3.0,0.0,4.0,10.0,1.0,,,,,,,,63.185,598.0,3.0,601.0,eval_only
l2_distance_32,0.9,0.1,6.0,4.0,0.0,3.0,0.0,4.0,10.0,1.0,71.0,0.891,0.335,1.226,325.0,54.3391,601.0,62.655,598.0,3.0,601.0,both
l2_distance_32,0.875,0.125,6.0,4.0,0.0,3.0,0.0,4.0,10.0,1.0,,,,,,,,61.519,598.0,3.0,601.0,eval_only
l2_distance_32,0.873438,0.126562,6.0,4.0,0.0,3.0,0.0,4.0,10.0,1.0,,,,,,,,61.552,598.0,3.0,601.0,eval_only
l2_distance_32,0.871875,0.128125,15.0,8.0,0.0,3.0,0.0,8.0,19.0,1.0,,,,,,,,68.646,1098.0,1.0,1099.0,eval_only
l2_distance_32,0.86875,0.13125,15.0,8.0,0.0,3.0,0.0,8.0,19.0,1.0,,,,,,,,67.468,1098.0,1.0,1099.0,eval_only
l2_distance_32,0.8625,0.1375,15.0,8.0,0.0,3.0,0.0,8.0,19.0,1.0,,,,,,,,67.531,1098.0,1.0,1099.0,eval_only
l2_distance_32,0.85,0.15,15.0,8.0,0.0,3.0,0.0,8.0,19.0,1.0,,,,,,,,66.68,1098.0,1.0,1099.0,eval_only
l2_distance_32,0.8,0.2,16.0,16.0,0.0,1.0,0.0,16.0,11.0,1.0,56.522,3.06,0.113,3.172,325.0,18.1967,,48.821,1713.0,1.0,1714.0,both
l2_distance_32,0.7,0.3,16.0,16.0,0.0,1.0,0.0,16.0,15.0,1.0,56.205,3.056,0.112,3.168,325.0,18.1967,,48.592,1717.0,1.0,1718.0,both
l2_distance_32,0.6,0.4,16.0,16.0,0.0,1.0,0.0,16.0,16.0,1.0,56.786,3.114,0.115,3.229,325.0,18.1967,,48.845,1719.0,1.0,1720.0,both
l2_distance_32,0.5,0.5,16.0,16.0,0.0,1.0,0.0,16.0,16.0,1.0,59.35,3.099,0.114,3.214,325.0,18.1967,,48.185,1719.0,1.0,1720.0,both
l2_distance_32,0.4,0.6,31.0,32.0,0.0,0.0,0.0,32.0,7.0,1.0,30.275,6.119,0.0,6.119,325.0,0.125542,,24.395,32012.0,0.0,32012.0,both
l2_distance_32,0.3,0.7,31.0,32.0,0.0,0.0,0.0,32.0,7.0,1.0,30.498,6.123,0.0,6.123,325.0,0.125542,,23.779,32012.0,0.0,32012.0,both
l2_distance_32,0.2,0.8,31.0,32.0,0.0,0.0,0.0,32.0,7.0,1.0,30.467,6.129,0.0,6.129,325.0,0.125542,,24.63,32012.0,0.0,32012.0,both
l2_distance_32,0.1,0.9,31.0,32.0,0.0,0.0,0.0,32.0,7.0,1.0,30.376,6.124,0.0,6.124,325.0,0.125542,,24.054,32012.0,0.0,32012.0,both
l2_distance_32,0.0,1.0,31.0,32.0,0.0,0.0,0.0,32.0,7.0,1.0,,,,,,,,5.032,31760.0,0.0,31760.0,eval_only
l2_distance_4,1.0,0.0,2.0,1.0,0.0,3.0,0.0,1.0,7.0,1.0,11.415,0.321,0.335,0.655,324.5,54.3391,287.0,9.99,284.0,3.0,287.0,both
l2_distance_4,0.9,0.1,2.0,1.0,0.0,3.0,0.0,1.0,7.0,1.0,11.369,0.321,0.335,0.655,324.5,54.3391,287.0,9.759,284.0,3.0,287.0,both
l2_distance_4,0.8,0.2,2.0,1.0,0.0,2.0,0.0,1.0,6.0,1.0,11.331,0.28,0.222,0.502,326.5,36.2679,220.0,10.128,218.0,2.0,220.0,both
l2_distance_4,0.7,0.3,2.0,2.0,0.0,1.0,0.0,2.0,5.0,1.0,11.32,0.425,0.112,0.537,327.0,18.1967,266.0,9.812,265.0,1.0,266.0,both
l2_distance_4,0.6,0.4,2.0,2.0,0.0,1.0,0.0,2.0,5.0,1.0,11.6,0.425,0.112,0.538,326.5,18.1967,266.0,9.866,265.0,1.0,266.0,both
l2_distance_4,0.5,0.5,2.0,2.0,0.0,1.0,0.0,2.0,5.0,1.0,11.391,0.425,0.112,0.537,327.0,18.1967,266.0,9.399,265.0,1.0,266.0,both
l2_distance_4,0.4,0.6,3.0,4.0,0.0,0.0,0.0,4.0,4.0,1.0,11.097,0.759,0.0,0.759,326.5,0.125542,3757.0,9.729,3757.0,0.0,3757.0,both
l2_distance_4,0.3,0.7,3.0,4.0,0.0,0.0,0.0,4.0,4.0,1.0,11.097,0.759,0.0,0.759,327.0,0.125542,3757.0,9.643,3757.0,0.0,3757.0,both
l2_distance_4,0.2,0.8,3.0,4.0,0.0,0.0,0.0,4.0,4.0,1.0,12.902,0.759,0.0,0.759,326.0,0.125542,,11.152,4008.0,0.0,4008.0,both
l2_distance_4,0.1,0.9,3.0,4.0,0.0,0.0,0.0,4.0,4.0,1.0,12.895,0.759,0.0,0.759,326.5,0.125542,,11.225,4008.0,0.0,4008.0,both
l2_distance_4,0.0,1.0,3.0,4.0,0.0,0.0,0.0,4.0,4.0,1.0,,,,,,,,5.554,3757.0,0.0,3757.0,eval_only
l2_distance_8,1.0,0.0,3.0,1.0,0.0,4.0,0.0,1.0,9.0,1.0,13.06,0.362,0.444,0.806,324.0,72.4103,405.0,11.122,401.0,4.0,405.0,both
l2_distance_8,0.9,0.1,3.0,1.0,0.0,4.0,0.0,1.0,9.0,1.0,13.003,0.362,0.444,0.806,324.0,72.4103,405.0,11.362,401.0,4.0,405.0,both
l2_distance_8,0.85,0.15,3.0,1.0,0.0,3.0,0.0,1.0,8.0,1.0,,,,,,,,10.991,287.0,3.0,290.0,eval_only
l2_distance_8,0.8,0.2,3.0,2.0,0.0,2.0,0.0,2.0,7.0,1.0,12.269,0.466,0.223,0.69,326.0,36.2679,324.0,10.304,322.0,2.0,324.0,both
l2_distance_8,0.7,0.3,6.0,4.0,0.0,1.0,0.0,4.0,8.0,1.0,17.362,0.8,0.113,0.912,326.0,18.1967,,14.967,473.0,1.0,474.0,both
l2_distance_8,0.6,0.4,5.0,4.0,0.0,1.0,0.0,4.0,8.0,1.0,17.24,0.799,0.112,0.911,326.0,18.1967,,15.104,473.0,1.0,474.0,both
l2_distance_8,0.5,0.5,4.0,4.0,0.0,1.0,0.0,4.0,6.0,1.0,16.622,0.8,0.113,0.912,326.0,18.1967,,14.517,473.0,1.0,474.0,both
l2_distance_8,0.4,0.6,7.0,8.0,0.0,0.0,0.0,8.0,5.0,1.0,14.952,1.544,0.0,1.544,326.0,0.125542,,12.257,8010.0,0.0,8010.0,both
l2_distance_8,0.3,0.7,7.0,8.0,0.0,0.0,0.0,8.0,5.0,1.0,15.21,1.543,0.0,1.543,326.0,0.125542,,12.659,8010.0,0.0,8010.0,both
l2_distance_8,0.2,0.8,7.0,8.0,0.0,0.0,0.0,8.0,5.0,1.0,15.196,1.548,0.0,1.548,326.0,0.125542,,12.606,8010.0,0.0,8010.0,both
l2_distance_8,0.1,0.9,7.0,8.0,0.0,0.0,0.0,8.0,5.0,1.0,15.172,1.541,0.0,1.541,326.0,0.125542,,12.608,8010.0,0.0,8010.0,both
l2_distance_8,0.0,1.0,7.0,8.0,0.0,0.0,0.0,8.0,5.0,1.0,,,,,,,,5.378,7758.0,0.0,7758.0,eval_only
lin_reg_16,1.0,0.0,2.0,0.0,0.0,1.0,0.0,1.0,4.0,1.0,12.113,0.244,0.115,0.359,328.0,18.1967,176.0,11.074,175.0,1.0,176.0,both
lin_reg_16,0.9,0.1,2.0,0.0,0.0,1.0,0.0,1.0,4.0,1.0,12.137,0.244,0.115,0.359,328.0,18.1967,176.0,11.127,175.0,1.0,176.0,both
lin_reg_16,0.8,0.2,2.0,0.0,0.0,1.0,0.0,1.0,4.0,1.0,12.548,0.244,0.115,0.359,328.0,18.1967,176.0,11.181,175.0,1.0,176.0,both
lin_reg_16,0.7,0.3,2.0,0.0,1.0,0.0,0.0,1.0,3.0,1.0,12.068,0.055,0.0,0.055,359.0,0.125542,108.0,10.927,108.0,0.0,108.0,both
lin_reg_16,0.6,0.4,2.0,0.0,1.0,0.0,0.0,1.0,3.0,1.0,11.979,0.055,0.0,0.055,359.0,0.125542,108.0,11.066,108.0,0.0,108.0,both
lin_reg_16,0.5,0.5,2.0,0.0,1.0,0.0,0.0,1.0,3.0,1.0,11.815,0.055,0.0,0.055,358.0,0.125542,108.0,10.975,108.0,0.0,108.0,both
lin_reg_16,0.4,0.6,2.0,0.0,1.0,0.0,0.0,1.0,3.0,1.0,11.822,0.055,0.0,0.055,359.0,0.125542,108.0,11.034,108.0,0.0,108.0,both
lin_reg_16,0.3,0.7,2.0,0.0,1.0,0.0,0.0,1.0,3.0,1.0,11.8,0.055,0.0,0.055,359.0,0.125542,108.0,10.978,108.0,0.0,108.0,both
lin_reg_16,0.2,0.8,2.0,0.0,1.0,0.0,0.0,1.0,3.0,1.0,12.172,0.055,0.0,0.055,359.0,0.125542,108.0,11.072,108.0,0.0,108.0,both
lin_reg_16,0.1,0.9,2.0,0.0,1.0,0.0,0.0,1.0,3.0,1.0,12.315,0.055,0.0,0.055,359.0,0.125542,108.0,10.885,108.0,0.0,108.0,both
lin_reg_16,0.0,1.0,2.0,0.0,1.0,0.0,0.0,1.0,3.0,1.0,,,,,,,,5.606,12006.0,0.0,12006.0,eval_only
lin_reg_32,1.0,0.0,2.0,0.0,1.0,0.0,0.0,1.0,3.0,1.0,12.372,0.055,0.0,0.055,359.0,0.125542,108.0,11.088,108.0,0.0,108.0,both
lin_reg_32,0.9,0.1,2.0,0.0,1.0,0.0,0.0,1.0,3.0,1.0,12.203,0.055,0.0,0.055,359.0,0.125542,108.0,11.374,108.0,0.0,108.0,both
lin_reg_32,0.8,0.2,2.0,0.0,1.0,0.0,0.0,1.0,3.0,1.0,12.221,0.055,0.0,0.055,358.5,0.125542,108.0,11.349,108.0,0.0,108.0,both
lin_reg_32,0.7,0.3,2.0,0.0,1.0,0.0,0.0,1.0,3.0,1.0,12.274,0.055,0.0,0.055,358.5,0.125542,108.0,11.31,108.0,0.0,108.0,both
lin_reg_32,0.6,0.4,2.0,0.0,1.0,0.0,0.0,1.0,3.0,1.0,12.139,0.055,0.0,0.055,358.5,0.125542,108.0,11.229,108.0,0.0,108.0,both
lin_reg_32,0.5,0.5,2.0,0.0,1.0,0.0,0.0,1.0,3.0,1.0,12.233,0.055,0.0,0.055,359.0,0.125542,108.0,11.358,108.0,0.0,108.0,both
lin_reg_32,0.4,0.6,2.0,0.0,1.0,0.0,0.0,1.0,3.0,1.0,12.249,0.054,0.0,0.054,359.0,0.125542,108.0,11.381,108.0,0.0,108.0,both
lin_reg_32,0.3,0.7,2.0,0.0,1.0,0.0,0.0,1.0,3.0,1.0,12.072,0.054,0.0,0.054,359.0,0.125542,108.0,11.268,108.0,0.0,108.0,both
lin_reg_32,0.2,0.8,2.0,0.0,1.0,0.0,0.0,1.0,3.0,1.0,12.063,0.054,0.0,0.054,359.0,0.125542,108.0,11.331,108.0,0.0,108.0,both
lin_reg_32,0.1,0.9,2.0,0.0,1.0,0.0,0.0,1.0,3.0,1.0,12.258,0.054,0.0,0.054,359.0,0.125542,108.0,11.253,108.0,0.0,108.0,both
lin_reg_32,0.0,1.0,2.0,0.0,1.0,0.0,0.0,1.0,3.0,1.0,,,,,,,,5.151,24006.0,0.0,24006.0,eval_only
lin_reg_4,1.0,0.0,2.0,0.0,0.0,2.0,0.0,1.0,5.0,1.0,15.219,0.286,0.229,0.515,327.0,36.2679,232.0,13.881,230.0,2.0,232.0,both
lin_reg_4,0.9,0.1,2.0,0.0,0.0,2.0,0.0,1.0,5.0,1.0,11.847,0.286,0.229,0.515,327.0,36.2679,232.0,11.539,230.0,2.0,232.0,both
lin_reg_4,0.8,0.2,2.0,0.0,0.0,1.0,0.0,1.0,4.0,1.0,12.016,0.244,0.115,0.36,328.0,18.1967,164.0,11.108,163.0,1.0,164.0,both
lin_reg_4,0.7,0.3,2.0,0.0,1.0,0.0,0.0,1.0,3.0,1.0,11.788,0.055,0.0,0.055,359.0,0.125542,108.0,10.961,108.0,0.0,108.0,both
lin_reg_4,0.6,0.4,2.0,0.0,1.0,0.0,0.0,1.0,3.0,1.0,11.825,0.055,0.0,0.055,359.0,0.125542,108.0,10.875,108.0,0.0,108.0,both
lin_reg_4,0.5,0.5,2.0,0.0,1.0,0.0,0.0,1.0,3.0,1.0,11.856,0.055,0.0,0.055,358.5,0.125542,108.0,10.724,108.0,0.0,108.0,both
lin_reg_4,0.4,0.6,2.0,0.0,1.0,0.0,0.0,1.0,3.0,1.0,12.344,0.055,0.0,0.055,359.0,0.125542,108.0,10.917,108.0,0.0,108.0,both
lin_reg_4,0.3,0.7,2.0,0.0,1.0,0.0,0.0,1.0,3.0,1.0,11.868,0.055,0.0,0.055,359.0,0.125542,108.0,10.849,108.0,0.0,108.0,both
lin_reg_4,0.2,0.8,2.0,0.0,1.0,0.0,0.0,1.0,3.0,1.0,12.179,0.055,0.0,0.055,359.0,0.125542,108.0,10.87,108.0,0.0,108.0,both
lin_reg_4,0.1,0.9,2.0,0.0,1.0,0.0,0.0,1.0,3.0,1.0,11.749,0.055,0.0,0.055,359.0,0.125542,108.0,10.769,108.0,0.0,108.0,both
lin_reg_4,0.0,1.0,2.0,0.0,1.0,0.0,0.0,1.0,3.0,1.0,,,,,,,,21.125,3006.0,0.0,3006.0,eval_only
lin_reg_8,1.0,0.0,2.0,0.0,0.0,2.0,0.0,1.0,5.0,1.0,12.076,0.286,0.228,0.514,327.5,36.2679,252.0,11.18,250.0,2.0,252.0,both
lin_reg_8,0.9,0.1,2.0,0.0,0.0,2.0,0.0,1.0,5.0,1.0,12.144,0.285,0.228,0.513,327.0,36.2679,252.0,11.082,250.0,2.0,252.0,both
lin_reg_8,0.8,0.2,2.0,0.0,0.0,2.0,0.0,1.0,5.0,1.0,11.965,0.286,0.229,0.516,327.0,36.2679,252.0,11.066,250.0,2.0,252.0,both
lin_reg_8,0.75,0.25,2.0,0.0,0.0,1.0,0.0,1.0,4.0,1.0,,,,,,,,10.874,167.0,1.0,168.0,eval_only
lin_reg_8,0.7,0.3,2.0,0.0,1.0,0.0,0.0,1.0,3.0,1.0,11.81,0.055,0.0,0.055,359.0,0.125542,108.0,10.884,108.0,0.0,108.0,both
lin_reg_8,0.6,0.4,2.0,0.0,1.0,0.0,0.0,1.0,3.0,1.0,11.979,0.055,0.0,0.055,359.0,0.125542,108.0,10.854,108.0,0.0,108.0,both
lin_reg_8,0.5,0.5,2.0,0.0,1.0,0.0,0.0,1.0,3.0,1.0,11.974,0.055,0.0,0.055,358.5,0.125542,108.0,10.76,108.0,0.0,108.0,both
lin_reg_8,0.4,0.6,2.0,0.0,1.0,0.0,0.0,1.0,3.0,1.0,11.969,0.055,0.0,0.055,359.0,0.125542,108.0,10.714,108.0,0.0,108.0,both
lin_reg_8,0.3,0.7,2.0,0.0,1.0,0.0,0.0,1.0,3.0,1.0,11.921,0.055,0.0,0.055,359.0,0.125542,108.0,10.733,108.0,0.0,108.0,both
lin_reg_8,0.2,0.8,2.0,0.0,1.0,0.0,0.0,1.0,3.0,1.0,11.785,0.055,0.0,0.055,358.5,0.125542,108.0,10.698,108.0,0.0,108.0,both
lin_reg_8,0.1,0.9,2.0,0.0,1.0,0.0,0.0,1.0,3.0,1.0,11.902,0.055,0.0,0.055,359.0,0.125542,108.0,10.782,108.0,0.0,108.0,both
lin_reg_8,0.0,1.0,2.0,0.0,1.0,0.0,0.0,1.0,3.0,1.0,,,,,,,,7.347,6006.0,0.0,6006.0,eval_only
matrix_mul_16,1.0,0.0,,,,,,,,,,,,,,,,,,,,both
matrix_mul_16,0.9,0.1,,,,,,,,,,,,,,,,,,,,both
matrix_mul_16,0.8,0.2,,,,,,,,,,,,,,,,,,,,both
matrix_mul_16,0.7,0.3,,,,,,,,,,,,,,,,,,,,both
matrix_mul_16,0.6,0.4,,,,,,,,,,,,,,,,,,,,both
matrix_mul_16,0.5,0.5,,,,,,,,,,,,,,,,,,,,both
matrix_mul_16,0.4,0.6,,,,,,,,,,,,,,,,,,,,both
matrix_mul_16,0.3,0.7,,,,,,,,,,,,,,,,,,,,both
matrix_mul_16,0.2,0.8,,,,,,,,,,,,,,,,,,,,both
matrix_mul_16,0.1,0.9,,,,,,,,,,,,,,,,,,,,both
matrix_mul_16,0.0,1.0,0.0,0.0,0.0,0.0,0.0,0.0,,,,,,,,,,,,,,eval_only
matrix_mul_32,1.0,0.0,,,,,,,,,,,,,,,,,,,,both
matrix_mul_32,0.9,0.1,,,,,,,,,,,,,,,,,,,,both
matrix_mul_32,0.8,0.2,,,,,,,,,,,,,,,,,,,,both
matrix_mul_32,0.7,0.3,,,,,,,,,,,,,,,,,,,,both
matrix_mul_32,0.6,0.4,,,,,,,,,,,,,,,,,,,,both
matrix_mul_32,0.5,0.5,,,,,,,,,,,,,,,,,,,,both
matrix_mul_32,0.4,0.6,,,,,,,,,,,,,,,,,,,,both
matrix_mul_32,0.3,0.7,,,,,,,,,,,,,,,,,,,,both
matrix_mul_32,0.2,0.8,,,,,,,,,,,,,,,,,,,,both
matrix_mul_32,0.1,0.9,,,,,,,,,,,,,,,,,,,,both
matrix_mul_32,0.0,1.0,0.0,0.0,0.0,0.0,0.0,0.0,,,,,,,,,,,,,,eval_only
matrix_mul_4,1.0,0.0,2.0,0.0,0.0,1.0,0.0,2.0,4.0,1.0,12.261,0.424,0.113,0.537,327.0,18.1967,276.0,11.935,275.0,1.0,276.0,both
matrix_mul_4,0.9,0.1,2.0,0.0,0.0,1.0,0.0,2.0,4.0,1.0,12.418,0.424,0.112,0.537,327.0,18.1967,276.0,12.105,275.0,1.0,276.0,both
matrix_mul_4,0.8,0.2,3.0,0.0,0.0,0.0,0.0,4.0,3.0,1.0,11.955,0.757,0.0,0.757,327.5,0.125542,409.0,11.774,409.0,0.0,409.0,both
matrix_mul_4,0.7,0.3,3.0,0.0,0.0,0.0,0.0,4.0,3.0,1.0,12.071,0.756,0.0,0.756,327.0,0.125542,409.0,11.886,409.0,0.0,409.0,both
matrix_mul_4,0.6,0.4,3.0,0.0,0.0,0.0,0.0,4.0,3.0,1.0,11.945,0.757,0.0,0.757,327.5,0.125542,409.0,11.789,409.0,0.0,409.0,both
matrix_mul_4,0.5,0.5,3.0,0.0,0.0,0.0,0.0,4.0,3.0,1.0,12.195,0.757,0.0,0.757,327.5,0.125542,409.0,11.87,409.0,0.0,409.0,both
matrix_mul_4,0.4,0.6,3.0,0.0,0.0,0.0,0.0,4.0,3.0,1.0,12.135,0.757,0.0,0.757,327.5,0.125542,409.0,11.832,409.0,0.0,409.0,both
matrix_mul_4,0.3,0.7,3.0,0.0,0.0,0.0,0.0,4.0,3.0,1.0,12.108,0.756,0.0,0.756,327.0,0.125542,409.0,11.878,409.0,0.0,409.0,both
matrix_mul_4,0.2,0.8,3.0,0.0,0.0,0.0,0.0,4.0,3.0,1.0,12.083,0.757,0.0,0.757,327.0,0.125542,409.0,11.555,409.0,0.0,409.0,both
matrix_mul_4,0.1,0.9,3.0,0.0,0.0,0.0,0.0,4.0,3.0,1.0,12.228,0.757,0.0,0.757,327.5,0.125542,409.0,11.702,409.0,0.0,409.0,both
matrix_mul_4,0.0,1.0,3.0,0.0,0.0,0.0,0.0,4.0,3.0,1.0,,,,,,,,5.256,28006.0,0.0,28006.0,eval_only
matrix_mul_8,1.0,0.0,,,,,,,,,,,,,,,,,,,,both
matrix_mul_8,0.9,0.1,,,,,,,,,,,,,,,,,,,,both
matrix_mul_8,0.8,0.2,,,,,,,,,,,,,,,,,,,,both
matrix_mul_8,0.7,0.3,,,,,,,,,,,,,,,,,,,,both
matrix_mul_8,0.6,0.4,,,,,,,,,,,,,,,,,,,,both
matrix_mul_8,0.5,0.5,,,,,,,,,,,,,,,,,,,,both
matrix_mul_8,0.4,0.6,,,,,,,,,,,,,,,,,,,,both
matrix_mul_8,0.3,0.7,,,,,,,,,,,,,,,,,,,,both
matrix_mul_8,0.2,0.8,,,,,,,,,,,,,,,,,,,,both
matrix_mul_8,0.1,0.9,,,,,,,,,,,,,,,,,,,,both
matrix_mul_8,0.0,1.0,0.0,0.0,0.0,0.0,0.0,0.0,,,,,,,,,,,,,,eval_only
max_3,1.0,0.0,2.0,1.0,0.0,4.0,0.0,2.0,9.0,2.0,11.772,0.501,0.446,0.947,292.5,72.4103,505.0,14.691,501.0,4.0,505.0,both
max_3,0.9,0.1,2.0,1.0,0.0,3.0,0.0,2.0,8.0,2.0,11.298,0.482,0.334,0.816,295.0,54.3391,389.0,11.911,386.0,3.0,389.0,both
max_3,0.8,0.2,2.0,1.0,0.0,3.0,0.0,2.0,8.0,2.0,11.378,0.482,0.334,0.816,295.0,54.3391,389.0,11.738,386.0,3.0,389.0,both
max_3,0.7,0.3,7.0,1.0,0.0,3.0,2.0,4.0,10.0,2.0,17.955,0.869,0.227,1.096,295.0,36.2679,,15.492,1624.0,2.0,1626.0,both
max_3,0.6,0.4,8.0,0.0,0.0,1.0,3.0,5.0,8.0,2.0,14.831,0.961,0.115,1.076,295.0,18.1967,,13.363,2412.0,1.0,2413.0,both
max_3,0.5,0.5,8.0,0.0,0.0,1.0,3.0,5.0,8.0,2.0,14.731,0.961,0.116,1.077,295.0,18.1967,,13.349,2662.0,1.0,2663.0,both
max_3,0.4,0.6,6.0,0.0,0.0,0.0,3.0,6.0,6.0,2.0,13.925,1.019,0.0,1.019,295.0,0.125542,,12.464,3009.0,0.0,3009.0,both
max_3,0.3,0.7,6.0,0.0,0.0,0.0,3.0,6.0,6.0,2.0,13.78,1.02,0.0,1.02,295.0,0.125542,,12.683,3259.0,0.0,3259.0,both
max_3,0.2,0.8,6.0,0.0,0.0,0.0,3.0,6.0,6.0,2.0,13.879,1.021,0.0,1.021,295.0,0.125542,,12.755,3259.0,0.0,3259.0,both
max_3,0.1,0.9,6.0,0.0,0.0,0.0,3.0,6.0,6.0,2.0,13.783,1.016,0.0,1.016,295.0,0.125542,,12.524,3260.0,0.0,3260.0,both
max_3,0.0,1.0,6.0,0.0,0.0,0.0,3.0,6.0,6.0,2.0,,,,,,,,5.383,3009.0,0.0,3009.0,eval_only
max_4,1.0,0.0,3.0,1.0,0.0,5.0,0.0,3.0,12.0,3.0,33.132,0.72,0.57,1.29,262.0,90.4814,917.0,31.36,912.0,5.0,917.0,both
max_4,0.9,0.1,5.0,2.0,0.0,4.0,1.0,5.0,11.0,3.0,22.475,1.084,0.456,1.54,262.0,72.4103,812.0,20.864,808.0,4.0,812.0,both
max_4,0.85,0.15,6.0,1.0,0.0,3.0,2.0,6.0,11.0,3.0,,,,,,,,17.65,793.0,3.0,796.0,eval_only
max_4,0.8,0.2,9.0,0.0,0.0,2.0,4.0,7.0,11.0,3.0,14.674,1.337,0.228,1.565,262.0,36.2679,1078.0,13.488,1076.0,2.0,1078.0,both
max_4,0.7,0.3,17.0,1.0,0.0,3.0,6.0,11.0,12.0,3.0,24.744,2.126,0.228,2.355,262.0,36.2679,,23.041,4728.0,2.0,4730.0,both
max_4,0.6,0.4,0.0,0.0,0.0,0.0,0.0,0.0,0.0,0.0,,,,,,,,0.0,5823.0,2.0,5825.0,both
max_4,0.5,0.5,16.0,0.0,0.0,1.0,7.0,13.0,10.0,3.0,17.827,2.248,0.115,2.363,262.0,18.1967,,15.852,6667.0,1.0,6668.0,both
max_4,0.4,0.6,12.0,0.0,0.0,0.0,6.0,12.0,8.0,3.0,14.545,1.965,0.0,1.965,262.0,0.125542,,14.089,7262.0,0.0,7262.0,both
max_4,0.3,0.7,12.0,0.0,0.0,0.0,6.0,12.0,8.0,3.0,14.588,1.969,0.0,1.969,262.0,0.125542,,14.07,7262.0,0.0,7262.0,both
max_4,0.2,0.8,12.0,0.0,0.0,0.0,6.0,12.0,8.0,3.0,14.552,1.966,0.0,1.966,262.0,0.125542,,13.872,7262.0,0.0,7262.0,both
max_4,0.1,0.9,12.0,0.0,0.0,0.0,6.0,12.0,8.0,3.0,14.622,1.963,0.0,1.963,262.0,0.125542,,13.933,7262.0,0.0,7262.0,both
max_4,0.0,1.0,12.0,0.0,0.0,0.0,6.0,12.0,8.0,3.0,,,,,,,,5.774,7012.0,0.0,7012.0,eval_only
max_5,1.0,0.0,12.0,2.0,0.0,5.0,4.0,12.0,14.0,4.0,305.018,2.347,0.453,2.8,228.5,72.4103,1636.0,298.543,1632.0,4.0,1636.0,both
max_5,0.9,0.1,13.0,2.0,0.0,4.0,5.0,13.0,14.0,4.0,167.662,2.479,0.452,2.931,228.5,72.4103,1623.0,163.896,1619.0,4.0,1623.0,both
max_5,0.8,0.2,0.0,0.0,0.0,0.0,0.0,0.0,0.0,0.0,,,,,,,,0.0,14108.0,3.0,14111.0,both
max_5,0.7,0.3,33.0,1.0,0.0,3.0,14.0,27.0,14.0,4.0,49.714,4.758,0.231,4.989,228.5,36.2679,,47.292,12731.0,2.0,12733.0,both
max_5,0.6,0.4,0.0,0.0,0.0,0.0,0.0,0.0,0.0,0.0,,,,,,,,0.0,30891.0,2.0,30893.0,both
max_5,0.5,0.5,28.0,0.0,0.0,1.0,13.0,25.0,12.0,4.0,27.084,4.186,0.117,4.303,228.5,18.1967,,24.805,14670.0,1.0,14671.0,both
max_5,0.4,0.6,20.0,0.0,0.0,0.0,10.0,20.0,10.0,4.0,18.475,3.26,0.0,3.26,229.0,0.125542,,17.417,15265.0,0.0,15265.0,both
max_5,0.3,0.7,20.0,0.0,0.0,0.0,10.0,20.0,10.0,4.0,18.665,3.247,0.0,3.247,229.0,0.125542,,17.902,15265.0,0.0,15265.0,both
max_5,0.2,0.8,20.0,0.0,0.0,0.0,10.0,20.0,10.0,4.0,18.714,3.243,0.0,3.243,229.0,0.125542,,17.727,15265.0,0.0,15265.0,both
max_5,0.1,0.9,20.0,0.0,0.0,0.0,10.0,20.0,10.0,4.0,18.702,3.246,0.0,3.246,229.0,0.125542,,18.081,15265.0,0.0,15265.0,both
max_5,0.0,1.0,20.0,0.0,0.0,0.0,10.0,20.0,10.0,4.0,,,,,,,,5.434,15015.0,0.0,15015.0,eval_only
poly_reg_16,1.0,0.0,3.0,0.0,0.0,1.0,0.0,2.0,6.0,2.0,12.209,0.426,0.112,0.538,295.0,18.1967,280.0,11.769,279.0,1.0,280.0,both
poly_reg_16,0.9,0.1,3.0,0.0,0.0,1.0,0.0,2.0,6.0,2.0,14.398,0.426,0.112,0.537,295.0,18.1967,280.0,11.653,279.0,1.0,280.0,both
poly_reg_16,0.8,0.2,3.0,0.0,0.0,0.0,0.0,2.0,5.0,2.0,11.587,0.408,0.0,0.408,296.0,0.125542,212.0,11.212,212.0,0.0,212.0,both
poly_reg_16,0.7,0.3,3.0,0.0,0.0,0.0,0.0,2.0,5.0,2.0,11.6,0.408,0.0,0.408,296.0,0.125542,212.0,11.212,212.0,0.0,212.0,both
poly_reg_16,0.6,0.4,3.0,0.0,0.0,0.0,0.0,2.0,5.0,2.0,11.546,0.408,0.0,0.408,296.0,0.125542,212.0,11.105,212.0,0.0,212.0,both
poly_reg_16,0.5,0.5,3.0,0.0,0.0,0.0,0.0,2.0,5.0,2.0,11.59,0.408,0.0,0.408,296.0,0.125542,212.0,11.229,212.0,0.0,212.0,both
poly_reg_16,0.4,0.6,3.0,0.0,0.0,0.0,0.0,2.0,5.0,2.0,11.616,0.408,0.0,0.408,296.0,0.125542,212.0,11.197,212.0,0.0,212.0,both
poly_reg_16,0.3,0.7,3.0,0.0,0.0,0.0,0.0,2.0,5.0,2.0,11.564,0.408,0.0,0.408,296.0,0.125542,212.0,11.092,212.0,0.0,212.0,both
poly_reg_16,0.2,0.8,3.0,0.0,0.0,0.0,0.0,2.0,5.0,2.0,11.574,0.408,0.0,0.408,296.0,0.125542,212.0,11.204,212.0,0.0,212.0,both
poly_reg_16,0.1,0.9,3.0,0.0,0.0,0.0,0.0,2.0,5.0,2.0,11.624,0.408,0.0,0.408,296.0,0.125542,212.0,11.951,212.0,0.0,212.0,both
poly_reg_16,0.0,1.0,3.0,0.0,0.0,0.0,0.0,2.0,5.0,2.0,,,,,,,,5.0,20009.0,0.0,20009.0,eval_only
poly_reg_32,1.0,0.0,3.0,0.0,0.0,0.0,0.0,2.0,5.0,2.0,12.099,0.408,0.0,0.408,296.0,0.125542,212.0,11.719,212.0,0.0,212.0,both
poly_reg_32,0.9,0.1,3.0,0.0,0.0,0.0,0.0,2.0,5.0,2.0,12.205,0.408,0.0,0.408,296.0,0.125542,212.0,11.835,212.0,0.0,212.0,both
poly_reg_32,0.8,0.2,3.0,0.0,0.0,0.0,0.0,2.0,5.0,2.0,12.2,0.408,0.0,0.408,296.0,0.125542,212.0,11.867,212.0,0.0,212.0,both
poly_reg_32,0.7,0.3,3.0,0.0,0.0,0.0,0.0,2.0,5.0,2.0,12.1,0.408,0.0,0.408,296.0,0.125542,212.0,11.716,212.0,0.0,212.0,both
poly_reg_32,0.6,0.4,3.0,0.0,0.0,0.0,0.0,2.0,5.0,2.0,12.178,0.408,0.0,0.408,296.0,0.125542,212.0,11.861,212.0,0.0,212.0,both
poly_reg_32,0.5,0.5,3.0,0.0,0.0,0.0,0.0,2.0,5.0,2.0,12.19,0.408,0.0,0.408,296.0,0.125542,212.0,11.809,212.0,0.0,212.0,both
poly_reg_32,0.4,0.6,3.0,0.0,0.0,0.0,0.0,2.0,5.0,2.0,12.165,0.408,0.0,0.408,296.0,0.125542,212.0,11.684,212.0,0.0,212.0,both
poly_reg_32,0.3,0.7,3.0,0.0,0.0,0.0,0.0,2.0,5.0,2.0,12.205,0.408,0.0,0.408,296.0,0.125542,212.0,11.876,212.0,0.0,212.0,both
poly_reg_32,0.2,0.8,3.0,0.0,0.0,0.0,0.0,2.0,5.0,2.0,12.111,0.408,0.0,0.408,296.0,0.125542,212.0,11.831,212.0,0.0,212.0,both
poly_reg_32,0.1,0.9,3.0,0.0,0.0,0.0,0.0,2.0,4.0,2.0,12.24,0.407,0.0,0.407,296.0,0.125542,211.0,11.767,211.0,0.0,211.0,both
poly_reg_32,0.0,1.0,3.0,0.0,0.0,0.0,0.0,2.0,5.0,2.0,,,,,,,,5.492,40009.0,0.0,40009.0,eval_only
poly_reg_4,1.0,0.0,3.0,0.0,0.0,3.0,0.0,2.0,8.0,2.0,12.454,0.483,0.335,0.818,295.0,54.3391,452.0,15.269,449.0,3.0,452.0,both
poly_reg_4,0.9,0.1,3.0,0.0,0.0,2.0,0.0,2.0,7.0,2.0,11.612,0.443,0.223,0.666,295.0,36.2679,336.0,11.766,334.0,2.0,336.0,both
poly_reg_4,0.8,0.2,3.0,0.0,0.0,2.0,0.0,2.0,7.0,2.0,11.679,0.443,0.224,0.666,295.0,36.2679,336.0,11.473,334.0,2.0,336.0,both
poly_reg_4,0.75,0.25,3.0,0.0,0.0,2.0,0.0,2.0,7.0,2.0,,,,,,,,11.129,334.0,2.0,336.0,eval_only
poly_reg_4,0.725,0.275,3.0,0.0,0.0,1.0,0.0,2.0,6.0,2.0,,,,,,,,10.95,267.0,1.0,268.0,eval_only
poly_reg_4,0.7,0.3,3.0,0.0,0.0,0.0,0.0,2.0,5.0,2.0,11.306,0.409,0.0,0.409,296.0,0.125542,212.0,10.845,212.0,0.0,212.0,both
poly_reg_4,0.6,0.4,3.0,0.0,0.0,0.0,0.0,2.0,5.0,2.0,11.243,0.409,0.0,0.409,296.0,0.125542,212.0,10.805,212.0,0.0,212.0,both
poly_reg_4,0.5,0.5,3.0,0.0,0.0,0.0,0.0,2.0,5.0,2.0,11.166,0.409,0.0,0.409,296.0,0.125542,212.0,11.363,212.0,0.0,212.0,both
poly_reg_4,0.4,0.6,3.0,0.0,0.0,0.0,0.0,2.0,5.0,2.0,11.232,0.408,0.0,0.408,296.0,0.125542,212.0,10.709,212.0,0.0,212.0,both
poly_reg_4,0.3,0.7,3.0,0.0,0.0,0.0,0.0,2.0,5.0,2.0,11.229,0.409,0.0,0.409,296.0,0.125542,212.0,10.774,212.0,0.0,212.0,both
poly_reg_4,0.2,0.8,3.0,0.0,0.0,0.0,0.0,2.0,5.0,2.0,11.23,0.408,0.0,0.408,296.0,0.125542,212.0,10.841,212.0,0.0,212.0,both
poly_reg_4,0.1,0.9,3.0,0.0,0.0,0.0,0.0,2.0,5.0,2.0,11.277,0.408,0.0,0.409,296.0,0.125542,212.0,10.774,212.0,0.0,212.0,both
poly_reg_4,0.0,1.0,3.0,0.0,0.0,0.0,0.0,2.0,5.0,2.0,,,,,,,,5.271,5009.0,0.0,5009.0,eval_only
poly_reg_8,1.0,0.0,3.0,0.0,0.0,2.0,0.0,2.0,7.0,2.0,12.257,0.443,0.223,0.666,295.0,36.2679,356.0,11.787,354.0,2.0,356.0,both
poly_reg_8,0.9,0.1,3.0,0.0,0.0,2.0,0.0,2.0,7.0,2.0,12.267,0.443,0.223,0.666,295.0,36.2679,356.0,11.753,354.0,2.0,356.0,both
poly_reg_8,0.8,0.2,3.0,0.0,0.0,2.0,0.0,2.0,7.0,2.0,12.238,0.443,0.224,0.666,295.0,36.2679,356.0,11.8,354.0,2.0,356.0,both
poly_reg_8,0.775,0.225,3.0,0.0,0.0,1.0,0.0,2.0,6.0,2.0,,,,,,,,11.235,271.0,1.0,272.0,eval_only
poly_reg_8,0.75,0.25,3.0,0.0,0.0,0.0,0.0,2.0,5.0,2.0,,,,,,,,10.87,212.0,0.0,212.0,eval_only
poly_reg_8,0.7,0.3,3.0,0.0,0.0,0.0,0.0,2.0,5.0,2.0,11.394,0.408,0.0,0.408,296.0,0.125542,212.0,10.921,212.0,0.0,212.0,both
poly_reg_8,0.6,0.4,3.0,0.0,0.0,0.0,0.0,2.0,5.0,2.0,11.411,0.408,0.0,0.408,296.0,0.125542,212.0,10.871,212.0,0.0,212.0,both
poly_reg_8,0.5,0.5,3.0,0.0,0.0,0.0,0.0,2.0,5.0,2.0,11.314,0.408,0.0,0.408,296.0,0.125542,212.0,10.931,212.0,0.0,212.0,both
poly_reg_8,0.4,0.6,3.0,0.0,0.0,0.0,0.0,2.0,5.0,2.0,11.357,0.408,0.0,0.408,296.0,0.125542,212.0,10.767,212.0,0.0,212.0,both
poly_reg_8,0.3,0.7,3.0,0.0,0.0,0.0,0.0,2.0,5.0,2.0,11.345,0.408,0.0,0.408,296.0,0.125542,212.0,10.949,212.0,0.0,212.0,both
poly_reg_8,0.2,0.8,3.0,0.0,0.0,0.0,0.0,2.0,5.0,2.0,11.284,0.408,0.0,0.408,296.0,0.125542,212.0,10.963,212.0,0.0,212.0,both
poly_reg_8,0.1,0.9,3.0,0.0,0.0,0.0,0.0,2.0,5.0,2.0,11.348,0.408,0.0,0.408,296.0,0.125542,212.0,10.87,212.0,0.0,212.0,both
poly_reg_8,0.0,1.0,3.0,0.0,0.0,0.0,0.0,2.0,5.0,2.0,,,,,,,,5.063,10009.0,0.0,10009.0,eval_only
roberts_cross_16,1.0,0.0,,,,,,,,,,,,,,,,,,,,both
roberts_cross_16,0.9,0.1,,,,,,,,,,,,,,,,,,,,both
roberts_cross_16,0.8,0.2,,,,,,,,,,,,,,,,,,,,both
roberts_cross_16,0.7,0.3,,,,,,,,,,,,,,,,,,,,both
roberts_cross_16,0.6,0.4,,,,,,,,,,,,,,,,,,,,both
roberts_cross_16,0.5,0.5,,,,,,,,,,,,,,,,,,,,both
roberts_cross_16,0.4,0.6,,,,,,,,,,,,,,,,,,,,both
roberts_cross_16,0.3,0.7,,,,,,,,,,,,,,,,,,,,both
roberts_cross_16,0.2,0.8,,,,,,,,,,,,,,,,,,,,both
roberts_cross_16,0.1,0.9,,,,,,,,,,,,,,,,,,,,both
roberts_cross_16,0.0,1.0,0.0,0.0,0.0,0.0,0.0,0.0,,,,,,,,,,,,,,eval_only
roberts_cross_32,1.0,0.0,,,,,,,,,,,,,,,,,,,,both
roberts_cross_32,0.9,0.1,,,,,,,,,,,,,,,,,,,,both
roberts_cross_32,0.8,0.2,,,,,,,,,,,,,,,,,,,,both
roberts_cross_32,0.7,0.3,,,,,,,,,,,,,,,,,,,,both
roberts_cross_32,0.6,0.4,,,,,,,,,,,,,,,,,,,,both
roberts_cross_32,0.5,0.5,,,,,,,,,,,,,,,,,,,,both
roberts_cross_32,0.4,0.6,,,,,,,,,,,,,,,,,,,,both
roberts_cross_32,0.3,0.7,,,,,,,,,,,,,,,,,,,,both
roberts_cross_32,0.2,0.8,,,,,,,,,,,,,,,,,,,,both
roberts_cross_32,0.1,0.9,,,,,,,,,,,,,,,,,,,,both
roberts_cross_32,0.0,1.0,0.0,0.0,0.0,0.0,0.0,0.0,,,,,,,,,,,,,,eval_only
roberts_cross_4,1.0,0.0,3.0,0.0,0.0,1.0,3.0,1.0,5.0,1.0,13.618,0.262,0.112,0.374,327.0,18.1967,182.0,12.884,181.0,1.0,182.0,both
roberts_cross_4,0.9,0.1,3.0,0.0,0.0,1.0,3.0,1.0,5.0,1.0,13.568,0.262,0.112,0.374,327.0,18.1967,182.0,15.048,181.0,1.0,182.0,both
roberts_cross_4,0.8,0.2,3.0,0.0,0.0,1.0,3.0,1.0,5.0,1.0,13.544,0.262,0.112,0.374,327.5,18.1967,182.0,13.225,181.0,1.0,182.0,both
roberts_cross_4,0.7,0.3,1.0,3.0,0.0,0.0,2.0,2.0,4.0,1.0,13.551,0.408,0.0,0.408,327.0,0.125542,214.0,13.363,214.0,0.0,214.0,both
roberts_cross_4,0.6,0.4,1.0,3.0,0.0,0.0,2.0,2.0,4.0,1.0,13.379,0.408,0.0,0.408,327.0,0.125542,214.0,12.956,214.0,0.0,214.0,both
roberts_cross_4,0.5,0.5,1.0,3.0,0.0,0.0,2.0,2.0,4.0,1.0,13.459,0.408,0.0,0.408,327.0,0.125542,214.0,12.992,214.0,0.0,214.0,both
roberts_cross_4,0.4,0.6,1.0,3.0,0.0,0.0,2.0,2.0,4.0,1.0,13.921,0.408,0.0,0.408,327.0,0.125542,214.0,13.056,214.0,0.0,214.0,both
roberts_cross_4,0.3,0.7,1.0,3.0,0.0,0.0,2.0,2.0,4.0,1.0,12.932,0.408,0.0,0.408,327.0,0.125542,214.0,12.746,214.0,0.0,214.0,both
roberts_cross_4,0.2,0.8,1.0,3.0,0.0,0.0,2.0,2.0,4.0,1.0,12.962,0.408,0.0,0.408,327.0,0.125542,214.0,12.696,214.0,0.0,214.0,both
roberts_cross_4,0.1,0.9,1.0,3.0,0.0,0.0,2.0,2.0,4.0,1.0,12.879,0.408,0.0,0.408,327.0,0.125542,214.0,13.037,214.0,0.0,214.0,both
roberts_cross_4,0.0,1.0,6.0,0.0,0.0,0.0,2.0,3.0,6.0,1.0,,,,,,,,5.943,31007.0,0.0,31007.0,eval_only
roberts_cross_8,1.0,0.0,,,,,,,,,,,,,,,,,,,,both
roberts_cross_8,0.9,0.1,,,,,,,,,,,,,,,,,,,,both
roberts_cross_8,0.8,0.2,,,,,,,,,,,,,,,,,,,,both
roberts_cross_8,0.7,0.3,,,,,,,,,,,,,,,,,,,,both
roberts_cross_8,0.6,0.4,,,,,,,,,,,,,,,,,,,,both
roberts_cross_8,0.5,0.5,,,,,,,,,,,,,,,,,,,,both
roberts_cross_8,0.4,0.6,,,,,,,,,,,,,,,,,,,,both
roberts_cross_8,0.3,0.7,,,,,,,,,,,,,,,,,,,,both
roberts_cross_8,0.2,0.8,,,,,,,,,,,,,,,,,,,,both
roberts_cross_8,0.1,0.9,,,,,,,,,,,,,,,,,,,,both
roberts_cross_8,0.0,1.0,0.0,0.0,0.0,0.0,0.0,0.0,,,,,,,,,,,,,,eval_only
sort_3,1.0,0.0,0.0,0.0,0.0,0.0,0.0,0.0,0.0,0.0,,,,,,,,0.0,912.0,5.0,917.0,both
sort_3,0.9,0.1,0.0,0.0,0.0,0.0,0.0,0.0,0.0,0.0,,,,,,,,0.0,2755.0,4.0,2759.0,both
sort_3,0.85,0.15,0.0,0.0,0.0,0.0,0.0,0.0,0.0,0.0,,,,,,,,0.0,2755.0,4.0,2759.0,eval_only
sort_3,0.825,0.175,0.0,0.0,0.0,0.0,0.0,0.0,0.0,0.0,,,,,,,,0.0,2755.0,4.0,2759.0,eval_only
sort_3,0.8125,0.1875,0.0,0.0,0.0,0.0,0.0,0.0,0.0,0.0,,,,,,,,0.0,2755.0,4.0,2759.0,eval_only
sort_3,0.80625,0.19375,0.0,0.0,0.0,0.0,0.0,0.0,0.0,0.0,,,,,,,,0.0,3140.0,3.0,3143.0,eval_only
sort_3,0.8,0.2,0.0,0.0,0.0,0.0,0.0,0.0,0.0,0.0,,,,,,,,0.0,3171.0,2.0,3173.0,both
sort_3,0.7,0.3,0.0,0.0,0.0,0.0,0.0,0.0,0.0,0.0,,,,,,,,0.0,3476.0,2.0,3478.0,both
sort_3,0.6,0.4,0.0,0.0,0.0,0.0,0.0,0.0,0.0,0.0,,,,,,,,0.0,4071.0,2.0,4073.0,both
sort_3,0.5,0.5,0.0,0.0,0.0,0.0,0.0,0.0,0.0,0.0,,,,,,,,0.0,4667.0,1.0,4668.0,both
sort_3,0.4,0.6,0.0,0.0,0.0,0.0,0.0,0.0,0.0,0.0,,,,,,,,0.0,5262.0,0.0,5262.0,both
sort_3,0.3,0.7,0.0,0.0,0.0,0.0,0.0,0.0,0.0,0.0,,,,,,,,0.0,5262.0,0.0,5262.0,both
sort_3,0.2,0.8,0.0,0.0,0.0,0.0,0.0,0.0,0.0,0.0,,,,,,,,0.0,5262.0,0.0,5262.0,both
sort_3,0.1,0.9,0.0,0.0,0.0,0.0,0.0,0.0,0.0,0.0,,,,,,,,0.0,5262.0,0.0,5262.0,both
sort_3,0.0,1.0,0.0,0.0,0.0,0.0,0.0,0.0,0.0,0.0,,,,,,,,0.0,5012.0,0.0,5012.0,eval_only
tree_100-50_10_1,0.7,0.3,,,,,,,,,,,,,,,,,,,,pareto_only
tree_100-50_5_1,1.0,0.0,12.0,0.0,0.0,5.0,0.0,4.0,15.0,3.0,111.459,1.058,0.556,1.614,261.0,90.4814,1771.0,116.586,1766.0,5.0,1771.0,both
tree_100-50_5_1,0.9,0.1,15.0,0.0,0.0,4.0,0.0,8.0,13.0,3.0,23.684,1.737,0.446,2.182,261.0,72.4103,3362.0,24.625,3358.0,4.0,3362.0,both
tree_100-50_5_1,0.898438,0.101562,15.0,0.0,0.0,4.0,0.0,8.0,13.0,3.0,,,,,,,,23.123,3358.0,4.0,3362.0,eval_only
tree_100-50_5_1,0.896875,0.103125,15.0,0.0,0.0,4.0,0.0,8.0,13.0,3.0,,,,,,,,24.093,3358.0,4.0,3362.0,eval_only
tree_100-50_5_1,0.89375,0.10625,15.0,0.0,0.0,4.0,0.0,8.0,13.0,3.0,,,,,,,,23.271,3358.0,4.0,3362.0,eval_only
tree_100-50_5_1,0.8875,0.1125,15.0,0.0,0.0,4.0,0.0,8.0,13.0,3.0,,,,,,,,23.997,3358.0,4.0,3362.0,eval_only
tree_100-50_5_1,0.875,0.125,15.0,0.0,0.0,4.0,0.0,8.0,13.0,3.0,,,,,,,,23.46,3358.0,4.0,3362.0,eval_only
tree_100-50_5_1,0.85,0.15,19.0,0.0,0.0,4.0,1.0,9.0,12.0,3.0,,,,,,,,38.809,3388.0,2.0,3390.0,eval_only
tree_100-50_5_1,0.825,0.175,19.0,0.0,0.0,4.0,1.0,9.0,12.0,3.0,,,,,,,,38.615,3388.0,2.0,3390.0,eval_only
tree_100-50_5_1,0.8125,0.1875,19.0,0.0,0.0,4.0,1.0,9.0,12.0,3.0,,,,,,,,38.866,3388.0,2.0,3390.0,eval_only
tree_100-50_5_1,0.80625,0.19375,24.0,0.0,0.0,2.0,0.0,9.0,11.0,3.0,,,,,,,,48.712,22990.0,2.0,22992.0,eval_only
tree_100-50_5_1,0.803125,0.196875,24.0,0.0,0.0,2.0,0.0,9.0,11.0,3.0,,,,,,,,48.749,22990.0,2.0,22992.0,eval_only
tree_100-50_5_1,0.801562,0.198438,24.0,0.0,0.0,2.0,0.0,9.0,11.0,3.0,,,,,,,,48.839,22990.0,2.0,22992.0,eval_only
tree_100-50_5_1,0.8,0.2,24.0,0.0,0.0,2.0,0.0,9.0,11.0,3.0,31.221,2.09,0.23,2.321,261.0,36.2679,,48.384,22990.0,2.0,22992.0,both
tree_100-50_5_1,0.7,0.3,24.0,0.0,0.0,2.0,0.0,9.0,11.0,3.0,,,,,,,,48.648,22990.0,2.0,22992.0,eval_only
tree_100-50_5_1,0.6,0.4,24.0,0.0,0.0,2.0,0.0,9.0,11.0,3.0,,,,,,,,48.939,22990.0,2.0,22992.0,eval_only
tree_100-50_5_1,0.5,0.5,20.0,0.0,0.0,1.0,0.0,12.0,7.0,3.0,,,,,,,,18.463,7563.0,1.0,7564.0,eval_only
tree_100-50_5_1,0.4,0.6,19.0,0.0,0.0,0.0,0.0,12.0,5.0,3.0,,,,,,,,15.216,8011.0,0.0,8011.0,eval_only
tree_100-50_5_1,0.3,0.7,19.0,0.0,0.0,0.0,0.0,12.0,5.0,3.0,,,,,,,,15.649,8011.0,0.0,8011.0,eval_only
tree_100-50_5_1,0.2,0.8,19.0,0.0,0.0,0.0,0.0,12.0,5.0,3.0,,,,,,,,15.692,8011.0,0.0,8011.0,eval_only
tree_100-50_5_1,0.1,0.9,19.0,0.0,0.0,0.0,0.0,12.0,5.0,3.0,13.6,2.49,0.0,2.49,263.0,0.125542,,15.094,8011.0,0.0,8011.0,both
tree_100-50_5_1,0.0,1.0,19.0,0.0,0.0,0.0,0.0,12.0,5.0,3.0,,,,,,,,4.947,7760.0,0.0,7760.0,eval_only
tree_50-50_10_1,1.0,0.0,13.0,0.0,0.0,5.0,0.0,7.0,16.0,5.0,129.903,1.573,0.557,2.13,197.0,90.4814,2774.0,131.869,2769.0,5.0,2774.0,both
tree_50-50_10_1,0.95,0.05,17.0,0.0,0.0,9.0,0.0,14.0,19.0,6.0,,,,,,,,102.441,4683.0,2.0,4685.0,eval_only
tree_50-50_10_1,0.925,0.075,17.0,0.0,0.0,9.0,0.0,14.0,19.0,6.0,,,,,,,,104.597,4683.0,2.0,4685.0,eval_only
tree_50-50_10_1,0.9125,0.0875,19.0,0.0,0.0,2.0,0.0,16.0,12.0,5.0,,,,,,,,51.897,25541.0,2.0,25543.0,eval_only
tree_50-50_10_1,0.90625,0.09375,19.0,0.0,0.0,2.0,0.0,16.0,12.0,5.0,,,,,,,,50.297,25541.0,2.0,25543.0,eval_only
tree_50-50_10_1,0.903125,0.096875,19.0,0.0,0.0,2.0,0.0,16.0,12.0,5.0,,,,,,,,49.991,25541.0,2.0,25543.0,eval_only
tree_50-50_10_1,0.901562,0.098438,19.0,0.0,0.0,2.0,0.0,16.0,12.0,5.0,,,,,,,,50.179,25541.0,2.0,25543.0,eval_only
tree_50-50_10_1,0.9,0.1,19.0,0.0,0.0,2.0,0.0,16.0,12.0,5.0,32.492,3.186,0.232,3.418,197.0,36.2679,,51.092,25541.0,2.0,25543.0,both
tree_50-50_10_1,0.8,0.2,19.0,0.0,0.0,2.0,0.0,16.0,12.0,5.0,32.642,3.185,0.231,3.416,198.0,36.2679,,49.988,25541.0,2.0,25543.0,both
tree_50-50_10_1,0.7,0.3,19.0,0.0,0.0,2.0,0.0,16.0,12.0,5.0,,,,,,,,49.565,25541.0,2.0,25543.0,eval_only
tree_50-50_10_1,0.6,0.4,19.0,0.0,0.0,2.0,0.0,16.0,12.0,5.0,,,,,,,,49.647,25541.0,2.0,25543.0,eval_only
tree_50-50_10_1,0.5,0.5,17.0,0.0,0.0,1.0,0.0,17.0,10.0,5.0,,,,,,,,17.832,8068.0,1.0,8069.0,eval_only
tree_50-50_10_1,0.4,0.6,16.0,0.0,0.0,0.0,0.0,17.0,8.0,5.0,,,,,,,,14.524,8517.0,0.0,8517.0,eval_only
tree_50-50_10_1,0.3,0.7,16.0,0.0,0.0,0.0,0.0,17.0,8.0,5.0,,,,,,,,14.903,8517.0,0.0,8517.0,eval_only
tree_50-50_10_1,0.2,0.8,16.0,0.0,0.0,0.0,0.0,17.0,8.0,5.0,,,,,,,,14.982,8517.0,0.0,8517.0,eval_only
tree_50-50_10_1,0.1,0.9,16.0,0.0,0.0,0.0,0.0,17.0,8.0,5.0,14.687,3.266,0.0,3.266,199.0,0.125542,,14.72,8517.0,0.0,8517.0,both
tree_50-50_10_1,0.0,1.0,16.0,0.0,0.0,0.0,0.0,17.0,8.0,5.0,,,,,,,,4.794,8265.0,0.0,8265.0,eval_only
tree_50-50_5_1,1.0,0.0,5.0,0.0,0.0,3.0,0.0,2.0,9.0,2.0,14.572,0.53,0.334,0.864,295.0,54.3391,787.0,10.771,784.0,3.0,787.0,both
tree_50-50_5_1,0.9,0.1,5.0,0.0,0.0,3.0,0.0,2.0,9.0,2.0,11.365,0.53,0.334,0.864,295.0,54.3391,787.0,10.94,784.0,3.0,787.0,both
tree_50-50_5_1,0.8,0.2,5.0,0.0,0.0,2.0,0.0,2.0,7.0,2.0,11.337,0.514,0.223,0.737,296.0,36.2679,719.0,10.919,717.0,2.0,719.0,both
tree_50-50_5_1,0.7,0.3,6.0,0.0,0.0,1.0,0.0,2.0,6.0,2.0,11.236,0.518,0.112,0.63,296.0,18.1967,1162.0,10.978,1161.0,1.0,1162.0,both
tree_50-50_5_1,0.6,0.4,6.0,0.0,0.0,1.0,0.0,2.0,6.0,2.0,11.278,0.519,0.112,0.631,296.0,18.1967,1162.0,10.782,1161.0,1.0,1162.0,both
tree_50-50_5_1,0.5,0.5,5.0,0.0,0.0,0.0,0.0,2.0,4.0,2.0,11.277,0.478,0.0,0.478,296.0,0.125542,1758.0,10.75,1758.0,0.0,1758.0,both
tree_50-50_5_1,0.4,0.6,5.0,0.0,0.0,0.0,0.0,2.0,4.0,2.0,11.276,0.478,0.0,0.478,296.0,0.125542,1758.0,10.574,1758.0,0.0,1758.0,both
tree_50-50_5_1,0.3,0.7,5.0,0.0,0.0,0.0,0.0,2.0,4.0,2.0,11.409,0.477,0.0,0.477,296.0,0.125542,1758.0,11.045,1758.0,0.0,1758.0,both
tree_50-50_5_1,0.2,0.8,5.0,0.0,0.0,0.0,0.0,2.0,4.0,2.0,11.318,0.478,0.0,0.478,296.0,0.125542,1758.0,10.928,1758.0,0.0,1758.0,both
tree_50-50_5_1,0.1,0.9,5.0,0.0,0.0,0.0,0.0,2.0,4.0,2.0,11.244,0.478,0.0,0.478,296.0,0.125542,1758.0,10.605,1758.0,0.0,1758.0,both
tree_50-50_5_1,0.0,1.0,5.0,0.0,0.0,0.0,0.0,2.0,4.0,2.0,,,,,,,,5.22,1758.0,0.0,1758.0,eval_only
