benchmark,w_ops,w_keys,add,sub,multiply_plain,rotate_rows,negate,multiply,Depth,Multiplicative Depth,compile_time (s),circuit_execution_time (s),galois_keys_generation_time (s),total_execution_time (s),Remaining_noise_budget,rotation_keys_size (MB),rotation_keys_count,final_ops_cost,final_keys_cost
lin_reg_4,0.8,0.2,2,0,1,0,0,1,3,1,13.553,0.113,0.000,0.113,359,0.125542,0,108.0,0.0
lin_reg_4,1.0,0.0,2,0,1,0,0,1,3,1,13.781,0.096,0.000,0.096,359,0.125542,0,108.0,0.0
lin_reg_8,0.8,0.2,2,0,1,0,0,1,3,1,13.670,0.060,0.000,0.060,359,0.125542,0,108.0,0.0
lin_reg_8,1.0,0.0,2,0,1,0,0,1,3,1,12.947,0.086,0.000,0.086,359,0.125542,0,108.0,0.0
lin_reg_16,0.8,0.2,2,0,1,0,0,1,3,1,13.439,0.080,0.000,0.080,359,0.125542,0,108.0,0.0
lin_reg_16,1.0,0.0,2,0,1,0,0,1,3,1,13.596,0.157,0.000,0.157,359,0.125542,0,108.0,0.0
lin_reg_32,0.8,0.2,2,0,1,0,0,1,3,1,16.050,0.061,0.000,0.062,359,0.125542,0,108.0,0.0
lin_reg_32,1.0,0.0,2,0,1,0,0,1,3,1,14.457,0.084,0.000,0.084,359,0.125542,0,108.0,0.0
box_blur_4,0.8,0.2,9,0,0,0,0,0,4,0,19.124,0.415,0.000,0.415,359,0.125542,0,1263.0,0.0
box_blur_4,1.0,0.0,9,0,0,0,0,0,4,0,17.564,0.394,0.000,0.394,359,0.125542,0,1263.0,0.0
box_blur_8,0.8,0.2,8,0,0,0,0,0,4,0,28.042,0.377,0.000,0.377,359,0.125542,0,14.0,0.0
box_blur_8,1.0,0.0,8,0,0,0,0,0,4,0,27.600,0.283,0.000,0.283,360,0.125542,0,14.0,0.0
box_blur_16,0.8,0.2,8,0,0,0,0,0,4,0,75.447,0.461,0.000,0.461,359,0.125542,0,14.0,0.0
box_blur_16,1.0,0.0,8,0,0,0,0,0,4,0,75.864,0.317,0.000,0.317,359,0.125542,0,14.0,0.0
