benchmark,w_ops,w_keys,noise_budget,add,sub,multiply_plain,rotate_rows,negate,multiply,Depth,Multiplicative Depth,compile_time (s),circuit_execution_time (s),galois_keys_generation_time (s),total_execution_time (s),Remaining_noise_budget,rotation_keys_size (MB),rotation_keys_count,final_ops_cost,final_keys_cost
dot_product_4,0.8,0.2,300,2,0,0,1,0,2,4,1,10.408,0.071,0.013,0.084,113,2.573,1,259.0,1.0
dot_product_4,0.8,0.2,1000,2,0,0,1,0,2,4,1,6.637,0.303,0.077,0.381,327,18.1967,1,259.0,1.0
dot_product_4,0.8,0.2,9000,2,0,0,1,0,2,4,1,6.798,1.771,0.709,2.480,762,120.721,1,259.0,1.0
dot_product_8,0.8,0.2,300,6,0,0,1,0,4,5,1,11.194,0.147,0.013,0.160,113,2.573,1,462.0,1.0
dot_product_8,0.8,0.2,1000,4,0,0,1,0,4,5,1,7.574,0.657,0.090,0.747,327,18.1967,1,462.0,1.0
dot_product_8,0.8,0.2,9000,6,0,0,1,0,4,5,1,12.938,2.814,0.610,3.424,762,120.721,1,462.0,1.0
dot_product_16,0.8,0.2,300,14,0,0,1,0,8,9,1,18.388,0.272,0.012,0.285,112,2.573,1,870.0,1.0
dot_product_16,0.8,0.2,1000,8,0,0,1,0,8,6,1,8.738,1.100,0.079,1.179,326,18.1967,1,867.0,1.0
dot_product_16,0.8,0.2,9000,11,0,0,1,0,8,7,1,15.777,6.872,0.582,7.454,761,120.721,1,868.0,1.0
dot_product_32,0.8,0.2,300,22,0,0,1,0,16,8,1,29.079,0.503,0.012,0.515,112,2.573,1,1677.0,1.0
dot_product_32,0.8,0.2,1000,16,0,0,1,0,16,7,1,12.185,1.963,0.071,2.034,326,18.1967,1,1676.0,1.0
dot_product_32,0.8,0.2,9000,20,0,0,1,0,16,8,1,21.180,10.205,0.543,10.747,760,120.721,1,1677.0,1.0
