metric,n_rows,imed_avg,mine_avg,diff (mine-imed),diff %
final_ops_cost,115,4486.9217,7319.7217,2832.8,63.1
final_keys_cost,115,0.9565,0.3217,-0.6348,-66.4
add,115,6.1478,7.8348,1.687,27.4
sub,115,1.6696,2.313,0.6435,38.5
multiply_plain,115,0.1217,0.1739,0.0522,42.9
rotate_rows,115,0.887,0.3217,-0.5652,-63.7
negate,115,0.7043,1.8696,1.1652,165.4
multiply,115,5.1217,6.6957,1.5739,30.7
Depth,115,5.8609,6.3565,0.4957,8.5
Multiplicative Depth,115,1.313,1.4783,0.1652,12.6
rotation_keys_size (MB),87,20.6893,0.9573,-19.732,-95.4
Remaining_noise_budget,87,317.977,106.3563,-211.6207,-66.6
compile_time (s),115,17.1766,12.569,-4.6076,-26.8
circuit_execution_time (s),87,0.9217,0.2309,-0.6908,-74.9
galois_keys_generation_time (s),87,0.1286,0.005,-0.1236,-96.1
total_execution_time (s),87,1.0503,0.2359,-0.8144,-77.5
