w_ops,metric,n_rows,imed_avg,mine_avg,diff (mine-imed),diff %
0.0,final_ops_cost,23,13834.3913,10608.8261,-3225.5652,-23.3
0.0,final_keys_cost,23,0.0,0.0,0.0,
0.0,add,23,8.3478,8.6957,0.3478,4.2
0.0,sub,23,2.6087,2.6087,0.0,0.0
0.0,multiply_plain,23,0.1739,0.1739,0.0,0.0
0.0,rotate_rows,23,0.0,0.0,0.0,
0.0,negate,23,0.913,1.0435,0.1304,14.3
0.0,multiply,23,7.6957,8.1304,0.4348,5.6
0.0,Depth,23,4.8261,5.1739,0.3478,7.2
0.0,Multiplicative Depth,23,1.3478,1.4783,0.1304,9.7
0.0,compile_time (s),23,5.9071,8.1881,2.281,38.6
0.2,final_ops_cost,23,5338.7826,11065.3043,5726.5217,107.3
0.2,final_keys_cost,23,0.0,0.0435,0.0435,
0.2,add,23,7.913,8.5217,0.6087,7.7
0.2,sub,23,2.7391,2.6087,-0.1304,-4.8
0.2,multiply_plain,23,0.1739,0.1739,0.0,0.0
0.2,rotate_rows,23,0.0,0.0435,0.0435,
0.2,negate,23,0.913,4.087,3.1739,347.6
0.2,multiply,23,7.6522,8.0,0.3478,4.5
0.2,Depth,23,4.6957,7.913,3.2174,68.5
0.2,Multiplicative Depth,23,1.3478,1.4783,0.1304,9.7
0.2,rotation_keys_size (MB),22,0.1255,0.1769,0.0514,40.9
0.2,Remaining_noise_budget,22,319.3636,105.4091,-213.9545,-67.0
0.2,compile_time (s),23,13.7278,13.3939,-0.3339,-2.4
0.2,circuit_execution_time (s),22,1.466,0.2695,-1.1965,-81.6
0.2,galois_keys_generation_time (s),22,0.0,0.0006,0.0006,
0.2,total_execution_time (s),22,1.466,0.2701,-1.1959,-81.6
0.5,final_ops_cost,23,1617.7826,8792.913,7175.1304,443.5
0.5,final_keys_cost,23,0.5217,0.2609,-0.2609,-50.0
0.5,add,23,6.3478,8.2174,1.8696,29.5
0.5,sub,23,1.4348,2.6522,1.2174,84.8
0.5,multiply_plain,23,0.1739,0.1739,0.0,0.0
0.5,rotate_rows,23,0.4783,0.2609,-0.2174,-45.5
0.5,negate,23,1.087,2.4348,1.3478,124.0
0.5,multiply,23,5.2609,6.913,1.6522,31.4
0.5,Depth,23,6.3478,6.6522,0.3043,4.8
0.5,Multiplicative Depth,23,1.3478,1.4783,0.1304,9.7
0.5,rotation_keys_size (MB),22,9.1611,0.7474,-8.4137,-91.8
0.5,Remaining_noise_budget,22,319.3636,105.3636,-214.0,-67.0
0.5,compile_time (s),23,16.1559,16.4609,0.305,1.9
0.5,circuit_execution_time (s),22,1.0178,0.2568,-0.761,-74.8
0.5,galois_keys_generation_time (s),22,0.0573,0.0038,-0.0535,-93.4
0.5,total_execution_time (s),22,1.075,0.2605,-0.8145,-75.8
0.8,final_ops_cost,23,1176.0435,4593.1304,3417.087,290.6
0.8,final_keys_cost,23,1.3913,0.6087,-0.7826,-56.2
0.8,add,23,4.8696,7.5652,2.6957,55.4
0.8,sub,23,1.2174,2.3913,1.1739,96.4
0.8,multiply_plain,23,0.0435,0.1739,0.1304,300.0
0.8,rotate_rows,23,1.2609,0.6087,-0.6522,-51.7
0.8,negate,23,0.3043,0.8696,0.5652,185.7
0.8,multiply,23,3.2609,5.7391,2.4783,76.0
0.8,Depth,23,6.2174,6.0435,-0.1739,-2.8
0.8,Multiplicative Depth,23,1.1739,1.4783,0.3043,25.9
0.8,rotation_keys_size (MB),21,23.3599,1.2581,-22.1018,-94.6
0.8,Remaining_noise_budget,21,319.1429,109.5714,-209.5714,-65.7
0.8,compile_time (s),23,14.5156,11.7337,-2.7819,-19.2
0.8,circuit_execution_time (s),21,0.7407,0.1853,-0.5554,-75.0
0.8,galois_keys_generation_time (s),21,0.1454,0.0053,-0.1401,-96.3
0.8,total_execution_time (s),21,0.8862,0.1906,-0.6956,-78.5
1.0,final_ops_cost,23,467.6087,1538.4348,1070.8261,229.0
1.0,final_keys_cost,23,2.8696,0.6957,-2.1739,-75.8
1.0,add,23,3.2609,6.1739,2.913,89.3
1.0,sub,23,0.3478,1.3043,0.9565,275.0
1.0,multiply_plain,23,0.0435,0.1739,0.1304,300.0
1.0,rotate_rows,23,2.6957,0.6957,-2.0,-74.2
1.0,negate,23,0.3043,0.913,0.6087,200.0
1.0,multiply,23,1.7391,4.6957,2.9565,170.0
1.0,Depth,23,7.2174,6.0,-1.2174,-16.9
1.0,Multiplicative Depth,23,1.3478,1.4783,0.1304,9.7
1.0,rotation_keys_size (MB),22,50.232,1.6602,-48.5718,-96.7
1.0,Remaining_noise_budget,22,314.0909,105.2273,-208.8636,-66.5
1.0,compile_time (s),23,35.5768,13.0683,-22.5084,-63.3
1.0,circuit_execution_time (s),22,0.4541,0.21,-0.2441,-53.8
1.0,galois_keys_generation_time (s),22,0.3125,0.0103,-0.3022,-96.7
1.0,total_execution_time (s),22,0.7666,0.2203,-0.5463,-71.3
