family,metric,n,geomean_ratio (mine/imed),improvement %,wins,ties,losses,win_rate %,imed_mean,mine_mean
box_blur,final_ops_cost,5,10.5663,-956.6,1,1,3,20.0,4225.4,5095.0
box_blur,final_keys_cost,5,1.0,0.0,1,4,0,20.0,0.2,0.0
box_blur,weighted_cost,5,10.5663,-956.6,1,1,3,20.0,19.84,773.04
box_blur,add,5,1.1951,-19.5,0,2,3,0.0,8.4,9.7333
box_blur,sub,5,1.0,0.0,0,5,0,0.0,0.0,0.0
box_blur,multiply_plain,5,1.0,0.0,0,5,0,0.0,0.0,0.0
box_blur,rotate_rows,5,1.0,0.0,1,4,0,20.0,0.2,0.0
box_blur,negate,5,1.0,0.0,0,5,0,0.0,0.0,0.0
box_blur,multiply,5,1.0,0.0,0,5,0,0.0,0.0,0.0
box_blur,Depth,5,0.9432,5.7,2,2,1,40.0,4.8,4.5333
box_blur,Multiplicative Depth,5,1.0,0.0,0,5,0,0.0,0.0,0.0
box_blur,rotation_keys_size (MB),4,0.3362,66.4,1,0,3,25.0,4.6433,0.1465
box_blur,Remaining_noise_budget,4,0.8284,17.2,4,0,0,100.0,358.5,432.6667
box_blur,compile_time (s),5,0.6184,38.2,4,0,1,80.0,11.2778,6.6271
box_blur,circuit_execution_time (s),4,1.4441,-44.4,0,0,4,0.0,0.2102,0.3235
box_blur,galois_keys_generation_time (s),4,1.0,0.0,1,3,0,25.0,0.0285,0.0
box_blur,total_execution_time (s),4,1.2691,-26.9,0,0,4,0.0,0.2388,0.3236
dot_product,final_ops_cost,20,1.4068,-40.7,4,7,9,20.0,3347.35,5253.1333
dot_product,final_keys_cost,20,0.6004,40.0,8,11,1,40.0,1.4,0.55
dot_product,weighted_cost,20,1.4065,-40.7,4,7,9,20.0,595.075,1415.57
dot_product,add,20,1.2188,-21.9,1,11,8,5.0,9.45,11.4167
dot_product,sub,20,1.0,0.0,0,20,0,0.0,0.0,0.0
dot_product,multiply_plain,20,1.0,0.0,0,20,0,0.0,0.0,0.0
dot_product,rotate_rows,20,0.5667,43.3,9,10,1,45.0,1.5,0.55
dot_product,negate,20,1.0,0.0,0,20,0,0.0,0.0,0.0
dot_product,multiply,20,1.6941,-69.4,1,10,9,5.0,8.8,11.2667
dot_product,Depth,20,0.7952,20.5,11,8,1,55.0,7.05,5.2167
dot_product,Multiplicative Depth,20,1.0,0.0,0,20,0,0.0,1.0,1.0
dot_product,rotation_keys_size (MB),16,0.9244,7.6,7,0,9,43.8,31.7501,23.7805
dot_product,Remaining_noise_budget,16,0.8145,18.5,16,0,0,100.0,325.9375,400.15
dot_product,compile_time (s),20,0.8115,18.9,13,0,7,65.0,14.483,12.403
dot_product,circuit_execution_time (s),16,2.7219,-172.2,0,0,16,0.0,1.4468,4.4004
dot_product,galois_keys_generation_time (s),16,0.6889,31.1,8,3,5,50.0,0.1983,0.1308
dot_product,total_execution_time (s),16,2.1765,-117.6,0,0,16,0.0,1.6451,4.5313
l2_distance,final_ops_cost,20,3.5119,-251.2,3,4,13,15.0,6383.6,16684.7167
l2_distance,final_keys_cost,20,0.5456,45.4,12,8,0,60.0,1.35,0.3167
l2_distance,weighted_cost,20,3.51,-251.0,3,4,13,15.0,915.355,6667.0817
l2_distance,add,20,1.1768,-17.7,3,10,7,15.0,9.6,11.0667
l2_distance,sub,20,1.6719,-67.2,1,9,10,5.0,9.05,11.6667
l2_distance,multiply_plain,20,1.0,0.0,0,20,0,0.0,0.0,0.0
l2_distance,rotate_rows,20,0.5639,43.6,12,8,0,60.0,1.35,0.3
l2_distance,negate,20,1.0,0.0,0,20,0,0.0,0.0,0.0
l2_distance,multiply,20,1.6719,-67.2,1,9,10,5.0,9.05,11.6667
l2_distance,Depth,20,0.7849,21.5,12,8,0,60.0,7.9,5.85
l2_distance,Multiplicative Depth,20,1.0,0.0,0,20,0,0.0,1.0,1.0
l2_distance,rotation_keys_size (MB),16,0.175,82.5,11,0,5,68.8,30.6206,12.8576
l2_distance,Remaining_noise_budget,16,0.9517,4.8,13,0,3,81.2,325.25,366.6667
l2_distance,compile_time (s),20,0.854,14.6,12,0,8,60.0,28.5394,18.0337
l2_distance,circuit_execution_time (s),16,2.386,-138.6,3,0,13,18.8,1.5179,3.6345
l2_distance,galois_keys_generation_time (s),16,0.7477,25.2,11,4,1,68.8,0.1898,0.0773
l2_distance,total_execution_time (s),16,1.8997,-90.0,3,0,13,18.8,1.7077,3.7117
lin_reg,final_ops_cost,20,0.8265,17.4,6,14,0,30.0,2367.35,2337.6
lin_reg,final_keys_cost,20,1.0,0.0,6,14,0,30.0,0.45,0.0
lin_reg,weighted_cost,20,0.8263,17.4,6,14,0,30.0,81.15,54.0
lin_reg,add,20,1.0,0.0,0,20,0,0.0,2.0,2.0
lin_reg,sub,20,1.0,0.0,0,20,0,0.0,0.0,0.0
lin_reg,multiply_plain,20,1.0,0.0,0,14,6,0.0,0.7,1.0
lin_reg,rotate_rows,20,1.0,0.0,6,14,0,30.0,0.45,0.0
lin_reg,negate,20,1.0,0.0,0,20,0,0.0,0.0,0.0
lin_reg,multiply,20,1.0,0.0,0,20,0,0.0,1.0,1.0
lin_reg,Depth,20,0.8871,11.3,6,14,0,30.0,3.45,3.0
lin_reg,Multiplicative Depth,20,1.0,0.0,0,20,0,0.0,1.0,1.0
lin_reg,rotation_keys_size (MB),16,0.1586,84.1,6,0,10,37.5,10.2906,0.1465
lin_reg,Remaining_noise_budget,16,0.8018,19.8,16,0,0,100.0,346.9375,432.2833
lin_reg,compile_time (s),20,0.5403,46.0,18,0,2,90.0,11.7918,6.1268
lin_reg,circuit_execution_time (s),16,0.707,29.3,6,0,10,37.5,0.1337,0.0695
lin_reg,galois_keys_generation_time (s),16,1.0,0.0,6,10,0,37.5,0.0644,0.0
lin_reg,total_execution_time (s),16,0.5893,41.1,6,0,10,37.5,0.1983,0.0695
matrix_mul,final_ops_cost,5,2.7768,-177.7,0,3,2,0.0,5901.6,7488.4
matrix_mul,final_keys_cost,5,1.0,0.0,1,4,0,20.0,0.2,0.0
matrix_mul,weighted_cost,5,2.7768,-177.7,0,3,2,0.0,177.7,1608.5
matrix_mul,add,5,1.0845,-8.4,0,4,1,0.0,2.8,3.0
matrix_mul,sub,5,1.0,0.0,0,5,0,0.0,0.0,0.0
matrix_mul,multiply_plain,5,1.0,0.0,0,5,0,0.0,0.0,0.0
matrix_mul,rotate_rows,5,1.0,0.0,1,4,0,20.0,0.2,0.0
matrix_mul,negate,5,1.0,0.0,0,5,0,0.0,0.0,0.0
matrix_mul,multiply,5,1.1487,-14.9,0,4,1,0.0,3.6,4.0
matrix_mul,Depth,5,0.9441,5.6,1,4,0,20.0,3.2,3.0
matrix_mul,Multiplicative Depth,5,1.0,0.0,0,5,0,0.0,1.0,1.0
matrix_mul,rotation_keys_size (MB),4,0.3362,66.4,1,0,3,25.0,4.6433,0.1465
matrix_mul,Remaining_noise_budget,4,0.8174,18.3,4,0,0,100.0,327.5,400.7333
matrix_mul,compile_time (s),5,0.6399,36.0,4,0,1,80.0,10.75,6.5729
matrix_mul,circuit_execution_time (s),4,1.5089,-50.9,0,0,4,0.0,0.6738,0.9893
matrix_mul,galois_keys_generation_time (s),4,1.0,0.0,1,3,0,25.0,0.0282,0.0
matrix_mul,total_execution_time (s),4,1.4224,-42.2,0,0,4,0.0,0.702,0.9893
max,final_ops_cost,15,1.2243,-22.4,3,4,8,20.0,6229.0667,8549.8667
max,final_keys_cost,15,0.7402,26.0,7,8,0,46.7,1.6,0.8889
max,weighted_cost,15,1.2242,-22.4,3,4,8,20.0,2177.3867,2854.7667
max,add,15,1.22,-22.0,2,7,6,13.3,10.4,11.8
max,sub,15,1.0,0.0,4,10,1,26.7,0.3333,0.0222
max,multiply_plain,15,1.0,0.0,0,15,0,0.0,0.0,0.0
max,rotate_rows,15,0.7335,26.7,6,8,1,40.0,1.4667,0.8889
max,negate,15,1.1076,-10.8,1,7,7,6.7,4.6,6.1778
max,multiply,15,1.1222,-12.2,2,7,6,13.3,9.6667,10.6889
max,Depth,15,1.0193,-1.9,3,8,4,20.0,8.8,9.8444
max,Multiplicative Depth,15,1.0,0.0,0,14,1,0.0,2.7333,3.0
max,rotation_keys_size (MB),11,0.6792,32.1,2,0,9,18.2,34.6251,40.9505
max,Remaining_noise_budget,11,0.7809,21.9,11,0,0,100.0,264.5455,335.1556
max,compile_time (s),15,0.612,38.8,10,0,5,66.7,33.2901,14.4806
max,circuit_execution_time (s),11,1.741,-74.1,0,0,11,0.0,1.7284,3.5871
max,galois_keys_generation_time (s),11,0.8083,19.2,4,3,4,36.4,0.2163,0.2138
max,total_execution_time (s),11,1.6164,-61.6,0,0,11,0.0,1.9446,3.8009
poly_reg,final_ops_cost,20,0.3808,61.9,9,11,0,45.0,3956.9,212.0
poly_reg,final_keys_cost,20,1.0,0.0,5,15,0,25.0,0.5,0.0
poly_reg,weighted_cost,20,0.8821,11.8,5,15,0,25.0,138.9,106.0
poly_reg,add,20,1.0,0.0,0,20,0,0.0,3.0,3.0
poly_reg,sub,20,1.0,0.0,0,20,0,0.0,0.0,0.0
poly_reg,multiply_plain,20,1.0,0.0,0,20,0,0.0,0.0,0.0
poly_reg,rotate_rows,20,1.0,0.0,5,15,0,25.0,0.5,0.0
poly_reg,negate,20,1.0,0.0,0,20,0,0.0,0.0,0.0
poly_reg,multiply,20,1.0,0.0,0,20,0,0.0,2.0,2.0
poly_reg,Depth,20,0.9203,8.0,5,15,0,25.0,5.5,5.0
poly_reg,Multiplicative Depth,20,1.0,0.0,0,20,0,0.0,2.0,2.0
poly_reg,rotation_keys_size (MB),16,0.2022,79.8,5,0,11,31.2,11.42,0.1465
poly_reg,Remaining_noise_budget,16,0.8011,19.9,16,0,0,100.0,295.6875,369.1
poly_reg,compile_time (s),20,0.8361,16.4,16,0,4,80.0,10.5004,8.4093
poly_reg,circuit_execution_time (s),16,1.6438,-64.4,0,0,16,0.0,0.4204,0.6895
poly_reg,galois_keys_generation_time (s),16,1.0,0.0,5,11,0,31.2,0.0699,0.0
poly_reg,total_execution_time (s),16,1.4522,-45.2,2,0,14,12.5,0.4902,0.6895
roberts_cross,final_ops_cost,5,32.2346,-3123.5,0,1,4,0.0,6359.4,19514.8
roberts_cross,final_keys_cost,5,1.0,0.0,2,3,0,40.0,0.4,0.0
roberts_cross,weighted_cost,5,32.2257,-3122.6,0,1,4,0.0,95.16,6626.1
roberts_cross,add,5,2.8945,-189.4,0,1,4,0.0,2.8,6.4667
roberts_cross,sub,5,1.0,0.0,2,2,1,40.0,1.2,0.0667
roberts_cross,multiply_plain,5,1.0,0.0,0,5,0,0.0,0.0,0.0
roberts_cross,rotate_rows,5,1.0,0.0,2,3,0,40.0,0.4,0.0
roberts_cross,negate,5,2.9341,-193.4,0,3,2,0.0,2.4,13.5333
roberts_cross,multiply,5,1.3195,-32.0,0,3,2,0.0,1.8,2.2
roberts_cross,Depth,5,2.2749,-127.5,0,3,2,0.0,4.8,15.8
roberts_cross,Multiplicative Depth,5,1.0,0.0,0,5,0,0.0,1.0,1.0
roberts_cross,rotation_keys_size (MB),4,0.0969,90.3,2,0,2,50.0,9.1611,0.1465
roberts_cross,Remaining_noise_budget,4,0.8168,18.3,4,0,0,100.0,327.25,400.6
roberts_cross,compile_time (s),5,1.4345,-43.5,2,0,3,40.0,11.9052,18.3995
roberts_cross,circuit_execution_time (s),4,3.0496,-205.0,0,0,4,0.0,0.335,1.0764
roberts_cross,galois_keys_generation_time (s),4,1.0,0.0,2,2,0,50.0,0.056,0.0
roberts_cross,total_execution_time (s),4,2.5524,-155.2,0,0,4,0.0,0.391,1.0765
sort,final_ops_cost,5,2.1104,-111.0,1,1,3,20.0,3804.8,9292.4
sort,final_keys_cost,5,0.7186,28.1,2,3,0,40.0,1.6,0.6667
sort,weighted_cost,5,2.1103,-111.0,1,1,3,20.0,1367.12,3582.9067
sort,add,5,,,0,0,5,0.0,0.0,9.9333
sort,sub,5,1.0,0.0,0,3,2,0.0,0.0,0.2
sort,multiply_plain,5,1.0,0.0,0,5,0,0.0,0.0,0.0
sort,rotate_rows,5,1.0,0.0,0,3,2,0.0,0.0,0.8667
sort,negate,5,,,0,0,5,0.0,0.0,3.8667
sort,multiply,5,,,0,0,5,0.0,0.0,8.8667
sort,Depth,5,,,0,0,5,0.0,0.0,9.8
sort,Multiplicative Depth,5,,,0,0,5,0.0,0.0,3.0
sort,compile_time (s),5,,,0,0,5,0.0,0.0,23.2403
