metric,n,geomean_ratio (mine/imed),improvement %,wins,ties,losses,win_rate %,imed_mean,mine_mean
final_ops_cost,115,1.5427,-54.3,27,46,42,23.5,4486.9217,7173.4783
final_keys_cost,115,0.7649,23.5,44,70,1,38.3,0.9565,0.2957
weighted_cost,115,1.7851,-78.5,23,50,42,20.0,657.1261,2353.2806
add,115,1.1646,-16.5,6,75,34,5.2,6.1478,7.5855
sub,115,1.1029,-10.3,7,94,14,6.1,1.6696,2.0435
multiply_plain,115,1.0,0.0,0,109,6,0.0,0.1217,0.1739
rotate_rows,115,0.7709,22.9,42,69,4,36.5,0.887,0.3014
negate,115,1.0633,-6.3,1,100,14,0.9,0.7043,1.5623
multiply,115,1.2522,-25.2,4,78,33,3.5,5.1217,6.5594
Depth,115,0.915,8.5,40,62,13,34.8,5.8609,6.0406
Multiplicative Depth,115,1.0,0.0,0,109,6,0.0,1.313,1.4783
rotation_keys_size (MB),87,0.294,70.6,35,0,52,40.2,20.6893,13.0235
Remaining_noise_budget,87,0.8297,17.0,84,0,3,96.6,317.977,384.6928
compile_time (s),115,0.7393,26.1,79,0,36,68.7,17.1766,12.0945
circuit_execution_time (s),87,1.697,-69.7,9,0,78,10.3,0.9217,2.2645
galois_keys_generation_time (s),87,0.8454,15.5,38,39,10,43.7,0.1286,0.0747
total_execution_time (s),87,1.4382,-43.8,11,0,76,12.6,1.0503,2.3392
