benchmark,w_ops,w_keys,final_ops_cost_imed,final_keys_cost_imed,weighted_cost_imed,add_imed,sub_imed,multiply_plain_imed,rotate_rows_imed,negate_imed,multiply_imed,Depth_imed,Multiplicative Depth_imed,rotation_keys_size (MB)_imed,Remaining_noise_budget_imed,compile_time (s)_imed,circuit_execution_time (s)_imed,galois_keys_generation_time (s)_imed,total_execution_time (s)_imed,final_ops_cost_mine,final_keys_cost_mine,weighted_cost_mine,add_mine,sub_mine,multiply_plain_mine,rotate_rows_mine,negate_mine,multiply_mine,Depth_mine,Multiplicative Depth_mine,rotation_keys_size (MB)_mine,Remaining_noise_budget_mine,compile_time (s)_mine,circuit_execution_time (s)_mine,galois_keys_generation_time (s)_mine,total_execution_time (s)_mine,family
box_blur_4,0.0,1.0,21006.0,0.0,0.0,13.0,0.0,0.0,0.0,0.0,0.0,6.0,0.0,,,5.236,,,,21006.0,0.0,0.0,13.0,0.0,0.0,0.0,0.0,0.0,6.0,0.0,0.14646636666666665,432.3333333333333,5.9110000000000005,0.408,0.0,0.408,box_blur
box_blur_4,0.2,0.8,15.0,0.0,3.0,8.0,0.0,0.0,0.0,0.0,0.0,5.0,0.0,0.125542,359.0,12.94,0.227,0.0,0.227,14.0,0.0,2.8000000000000003,8.0,0.0,0.0,0.0,0.0,0.0,4.0,0.0,0.14646636666666665,433.0,6.986666666666667,0.26133333333333336,0.0,0.26166666666666666,box_blur
box_blur_4,0.5,0.5,14.0,0.0,7.0,8.0,0.0,0.0,0.0,0.0,0.0,4.0,0.0,0.125542,359.0,12.734,0.221,0.0,0.221,680.0,0.0,340.0,8.666666666666666,0.0,0.0,0.0,0.0,0.0,4.666666666666667,0.0,0.14646636666666665,432.6666666666667,6.968666666666667,0.306,0.0,0.306,box_blur
box_blur_4,0.8,0.2,14.0,0.0,11.200000000000001,8.0,0.0,0.0,0.0,0.0,0.0,4.0,0.0,0.125542,359.0,12.706,0.225,0.0,0.225,1263.0,0.0,1010.4000000000001,9.0,0.0,0.0,0.0,0.0,0.0,4.0,0.0,0.14646636666666665,432.6666666666667,6.638000000000001,0.3176666666666667,0.0,0.3176666666666667,box_blur
box_blur_4,1.0,0.0,78.0,1.0,78.0,5.0,0.0,0.0,1.0,0.0,0.0,5.0,0.0,18.1967,357.0,12.773,0.168,0.114,0.282,2512.0,0.0,2512.0,10.0,0.0,0.0,0.0,0.0,0.0,4.0,0.0,0.14646636666666665,432.6666666666667,6.631333333333333,0.32466666666666666,0.0,0.32466666666666666,box_blur
dot_product_16,0.0,1.0,7758.0,0.0,0.0,15.0,0.0,0.0,0.0,0.0,16.0,5.0,1.0,,,5.127,,,,7758.0,0.0,0.0,15.0,0.0,0.0,0.0,0.0,16.0,5.0,1.0,0.14646636666666665,399.6666666666667,6.497,4.396999999999999,0.0,4.397333333333333,dot_product
dot_product_16,0.2,0.8,8010.0,0.0,1602.0,15.0,0.0,0.0,0.0,0.0,16.0,5.0,1.0,0.125542,326.0,14.758,3.022,0.0,3.022,7758.0,0.0,1551.6000000000001,15.0,0.0,0.0,0.0,0.0,16.0,5.0,1.0,0.14646636666666665,400.0,6.537,4.505,0.0,4.505333333333334,dot_product
dot_product_16,0.5,0.5,871.0,1.0,436.0,8.0,0.0,0.0,1.0,0.0,8.0,10.0,1.0,18.1967,326.0,17.473,1.572,0.115,1.687,5461.333333333333,0.3333333333333333,2730.8333333333335,13.666666666666666,0.0,0.0,0.3333333333333333,0.0,13.333333333333334,5.666666666666667,1.0,0.9831906666666667,399.6666666666667,11.470666666666666,4.537,0.007666666666666666,4.544666666666667,dot_product
dot_product_16,0.8,0.2,572.0,1.0,457.8,10.0,0.0,0.0,3.0,0.0,4.0,11.0,1.0,18.1967,326.0,13.717,0.897,0.114,1.011,868.3333333333334,1.0,694.8666666666668,11.0,0.0,0.0,1.0,0.0,8.0,7.333333333333333,1.0,47.16356666666667,400.0,14.036999999999999,2.302,0.22399999999999998,2.526,dot_product
dot_product_16,1.0,0.0,708.0,5.0,708.0,4.0,0.0,0.0,5.0,0.0,1.0,10.0,1.0,90.4814,324.0,14.922,0.385,0.568,0.953,867.0,1.0,867.0,8.0,0.0,0.0,1.0,0.0,8.0,6.0,1.0,47.16356666666667,400.0,9.884333333333332,2.337666666666667,0.22633333333333336,2.5643333333333334,dot_product
dot_product_32,0.0,1.0,15759.0,0.0,0.0,31.0,0.0,0.0,0.0,0.0,32.0,6.0,1.0,,,5.275,,,,15759.0,0.0,0.0,31.0,0.0,0.0,0.0,0.0,32.0,6.0,1.0,0.14646636666666665,399.3333333333333,13.955,13.655000000000001,0.0,13.655000000000001,dot_product
dot_product_32,0.2,0.8,16011.0,0.0,3202.2000000000003,31.0,0.0,0.0,0.0,0.0,32.0,6.0,1.0,0.125542,326.0,17.899,5.957,0.0,5.957,28514.0,0.0,5702.8,31.0,0.0,0.0,0.0,0.0,32.0,6.0,1.0,0.14646636666666665,399.3333333333333,19.796666666666667,16.020333333333333,0.0,16.020333333333333,dot_product
dot_product_32,0.5,0.5,1686.0,1.0,843.5,16.0,0.0,0.0,1.0,0.0,16.0,15.0,1.0,18.1967,326.0,24.353,3.033,0.112,3.145,21900.333333333332,0.3333333333333333,10950.333333333334,27.333333333333332,0.0,0.0,0.3333333333333333,0.0,26.666666666666668,6.666666666666667,1.0,0.9831906666666667,399.3333333333333,37.20933333333333,16.340333333333334,0.004333333333333333,16.344666666666665,dot_product
dot_product_32,0.8,0.2,1681.0,1.0,1345.0000000000002,16.0,0.0,0.0,1.0,0.0,16.0,12.0,1.0,18.1967,326.0,26.619,3.051,0.112,3.164,1676.6666666666667,1.0,1341.5333333333335,19.333333333333332,0.0,0.0,1.0,0.0,16.0,7.666666666666667,1.0,47.16356666666667,399.3333333333333,24.066666666666666,5.0249999999999995,0.23466666666666666,5.259666666666667,dot_product
dot_product_32,1.0,0.0,710.0,5.0,710.0,5.0,0.0,0.0,5.0,0.0,1.0,11.0,1.0,90.4814,326.0,35.174,0.407,0.558,0.965,1809.3333333333333,1.0,1809.3333333333333,16.0,0.0,0.0,1.0,0.0,16.0,7.0,1.0,47.16356666666667,399.3333333333333,27.44366666666667,6.3806666666666665,0.5236666666666666,6.9046666666666665,dot_product
dot_product_4,0.0,1.0,1756.0,0.0,0.0,3.0,0.0,0.0,0.0,0.0,4.0,3.0,1.0,,,6.158,,,,1756.0,0.0,0.0,3.0,0.0,0.0,0.0,0.0,4.0,3.0,1.0,0.14646636666666665,401.0,5.991666666666667,1.1123333333333332,0.0,1.1123333333333332,dot_product
dot_product_4,0.2,0.8,1756.0,0.0,351.20000000000005,3.0,0.0,0.0,0.0,0.0,4.0,3.0,1.0,0.125542,327.0,12.023,0.776,0.0,0.776,1257.0,0.3333333333333333,251.6666666666667,2.6666666666666665,0.0,0.0,0.3333333333333333,0.0,3.3333333333333335,3.3333333333333335,1.0,0.9831906666666667,401.0,6.764666666666667,1.2036666666666667,0.004666666666666667,1.2083333333333333,dot_product
dot_product_4,0.5,0.5,260.0,1.0,130.5,2.0,0.0,0.0,1.0,0.0,2.0,4.0,1.0,18.1967,327.0,12.219,0.435,0.116,0.55,259.0,1.0,130.0,2.0,0.0,0.0,1.0,0.0,2.0,4.0,1.0,47.16356666666667,401.0,6.555666666666667,0.6623333333333333,0.2233333333333333,0.8850000000000001,dot_product
dot_product_4,0.8,0.2,215.0,2.0,172.4,2.0,0.0,0.0,2.0,0.0,1.0,5.0,1.0,36.2679,327.0,11.772,0.287,0.23,0.517,259.0,1.0,207.4,2.0,0.0,0.0,1.0,0.0,2.0,4.0,1.0,47.16356666666667,401.0,6.610666666666667,0.6646666666666666,0.2163333333333333,0.8810000000000001,dot_product
dot_product_4,1.0,0.0,282.0,3.0,282.0,2.0,0.0,0.0,3.0,0.0,1.0,6.0,1.0,54.3391,324.0,15.355,0.298,0.334,0.632,259.0,1.0,259.0,2.0,0.0,0.0,1.0,0.0,2.0,4.0,1.0,47.16356666666667,400.6666666666667,6.295333333333333,0.5796666666666667,0.21366666666666667,0.7933333333333333,dot_product
dot_product_8,0.0,1.0,3757.0,0.0,0.0,7.0,0.0,0.0,0.0,0.0,8.0,4.0,1.0,,,5.313,,,,3757.0,0.0,0.0,7.0,0.0,0.0,0.0,0.0,8.0,4.0,1.0,0.14646636666666665,400.3333333333333,6.325,2.1616666666666666,0.0,2.1616666666666666,dot_product
dot_product_8,0.2,0.8,4008.0,0.0,801.6,7.0,0.0,0.0,0.0,0.0,8.0,4.0,1.0,0.125542,327.0,14.076,1.536,0.0,1.536,3757.0,0.0,751.4000000000001,7.0,0.0,0.0,0.0,0.0,8.0,4.0,1.0,0.14646636666666665,400.6666666666667,6.035666666666667,2.1806666666666668,0.0,2.1806666666666668,dot_product
dot_product_8,0.5,0.5,464.0,1.0,232.5,6.0,0.0,0.0,1.0,0.0,4.0,6.0,1.0,18.1967,327.0,12.412,0.819,0.116,0.935,462.6666666666667,1.0,231.83333333333334,6.0,0.0,0.0,1.0,0.0,4.0,5.666666666666667,1.0,47.16356666666667,400.6666666666667,15.195,1.167,0.2363333333333333,1.4036666666666668,dot_product
dot_product_8,0.8,0.2,284.0,3.0,227.8,3.0,0.0,0.0,3.0,0.0,1.0,7.0,1.0,54.3391,326.0,12.499,0.327,0.343,0.67,462.0,1.0,369.8,5.333333333333333,0.0,0.0,1.0,0.0,4.0,5.0,1.0,47.16356666666667,400.3333333333333,10.572000000000001,1.5496666666666667,0.26899999999999996,1.8186666666666664,dot_product
dot_product_8,1.0,0.0,399.0,4.0,399.0,3.0,0.0,0.0,4.0,0.0,1.0,8.0,1.0,72.4103,324.0,12.517,0.346,0.455,0.801,462.0,1.0,462.0,4.0,0.0,0.0,1.0,0.0,4.0,5.0,1.0,47.16356666666667,400.3333333333333,6.817666666666667,1.2273333333333334,0.2313333333333333,1.4590000000000003,dot_product
l2_distance_16,0.0,1.0,15759.0,0.0,0.0,15.0,16.0,0.0,0.0,0.0,16.0,6.0,1.0,,,4.945,,,,15759.0,0.0,0.0,15.0,16.0,0.0,0.0,0.0,16.0,6.0,1.0,0.14646636666666665,398.6666666666667,8.299,5.083666666666667,0.0,5.083666666666667,l2_distance
l2_distance_16,0.2,0.8,16011.0,0.0,3202.2000000000003,15.0,16.0,0.0,0.0,0.0,16.0,6.0,1.0,0.125542,325.0,18.89,3.052,0.0,3.052,34518.666666666664,0.0,6903.733333333334,15.0,16.0,0.0,0.0,0.0,16.0,6.0,1.0,0.14646636666666665,399.0,27.003666666666664,5.3196666666666665,0.0,5.3196666666666665,l2_distance
l2_distance_16,0.5,0.5,888.0,1.0,444.5,8.0,8.0,0.0,1.0,0.0,8.0,11.0,1.0,18.1967,326.0,25.597,1.574,0.114,1.688,34522.333333333336,0.0,17261.166666666668,15.0,16.0,0.0,0.0,0.0,16.0,6.0,1.0,0.14646636666666665,399.0,28.24466666666667,5.096666666666667,0.0,5.096666666666667,l2_distance
l2_distance_16,0.8,0.2,891.0,1.0,713.0000000000001,15.0,8.0,0.0,1.0,0.0,8.0,13.0,1.0,18.1967,325.0,28.418,1.593,0.116,1.709,20806.333333333332,0.3333333333333333,16645.133333333335,8.333333333333334,8.0,0.0,0.3333333333333333,0.0,8.0,7.0,1.0,9.12976355,218.0,22.9725,1.3980000000000001,0.083,1.4809999999999999,l2_distance
l2_distance_16,1.0,0.0,710.0,5.0,710.0,4.0,1.0,0.0,5.0,0.0,1.0,11.0,1.0,90.4814,324.0,35.724,0.412,0.571,0.983,884.0,1.0,884.0,8.0,8.0,0.0,1.0,0.0,8.0,7.0,1.0,47.16356666666667,399.0,16.061,2.8049999999999997,0.25666666666666665,3.0613333333333332,l2_distance
l2_distance_32,0.0,1.0,31760.0,0.0,0.0,31.0,32.0,0.0,0.0,0.0,32.0,7.0,1.0,,,5.032,,,,31760.0,0.0,0.0,31.0,32.0,0.0,0.0,0.0,32.0,7.0,1.0,0.14646636666666665,398.3333333333333,8.008666666666667,9.901666666666667,0.0,9.901666666666667,l2_distance
l2_distance_32,0.2,0.8,32012.0,0.0,6402.400000000001,31.0,32.0,0.0,0.0,0.0,32.0,7.0,1.0,0.125542,325.0,30.467,6.129,0.0,6.129,50515.666666666664,0.0,10103.133333333333,31.0,32.0,0.0,0.0,0.0,32.0,7.0,1.0,0.14646636666666665,398.3333333333333,36.102666666666664,10.168666666666667,0.0,10.168666666666667,l2_distance
l2_distance_32,0.5,0.5,1719.0,1.0,860.0,16.0,16.0,0.0,1.0,0.0,16.0,16.0,1.0,18.1967,325.0,59.35,3.099,0.114,3.214,50513.666666666664,0.0,25256.833333333332,31.0,32.0,0.0,0.0,0.0,32.0,7.0,1.0,0.14646636666666665,398.3333333333333,35.681000000000004,9.963333333333333,0.0,9.963333333333333,l2_distance
l2_distance_32,0.8,0.2,1713.0,1.0,1370.6000000000001,16.0,16.0,0.0,1.0,0.0,16.0,11.0,1.0,18.1967,325.0,56.522,3.06,0.113,3.172,46870.333333333336,0.3333333333333333,37496.333333333336,10.333333333333334,10.666666666666666,0.0,0.0,0.0,10.666666666666666,7.0,1.0,0.0628271,111.0,37.526,1.034,0.0,1.034,l2_distance
l2_distance_32,1.0,0.0,713.0,5.0,713.0,5.0,1.0,0.0,5.0,0.0,1.0,12.0,1.0,90.4814,324.0,190.726,0.407,0.56,0.967,2175.0,1.0,2175.0,16.0,16.0,0.0,1.0,0.0,16.0,8.0,1.0,47.16356666666667,398.3333333333333,45.35666666666666,5.217666666666666,0.26899999999999996,5.4863333333333335,l2_distance
l2_distance_4,0.0,1.0,3757.0,0.0,0.0,3.0,4.0,0.0,0.0,0.0,4.0,4.0,1.0,,,5.554,,,,3757.0,0.0,0.0,3.0,4.0,0.0,0.0,0.0,4.0,4.0,1.0,0.14646636666666665,399.6666666666667,9.074,1.3233333333333333,0.0,1.3233333333333333,l2_distance
l2_distance_4,0.2,0.8,4008.0,0.0,801.6,3.0,4.0,0.0,0.0,0.0,4.0,4.0,1.0,0.125542,326.0,12.902,0.759,0.0,0.759,3757.0,0.0,751.4000000000001,3.0,4.0,0.0,0.0,0.0,4.0,4.0,1.0,0.14646636666666665,399.6666666666667,8.018333333333333,1.3709999999999998,0.0,1.3713333333333333,l2_distance
l2_distance_4,0.5,0.5,265.0,1.0,133.0,2.0,2.0,0.0,1.0,0.0,2.0,5.0,1.0,18.1967,327.0,11.391,0.425,0.112,0.537,3757.0,0.0,1878.5,3.0,4.0,0.0,0.0,0.0,4.0,4.0,1.0,0.14646636666666665,399.6666666666667,10.267333333333333,1.5983333333333334,0.0,1.5983333333333334,l2_distance
l2_distance_4,0.8,0.2,218.0,2.0,174.8,2.0,1.0,0.0,2.0,0.0,1.0,6.0,1.0,36.2679,326.0,11.331,0.28,0.222,0.502,264.0,1.0,211.4,2.0,2.0,0.0,1.0,0.0,2.0,5.0,1.0,47.16356666666667,399.6666666666667,7.906666666666666,0.7456666666666667,0.26666666666666666,1.012,l2_distance
l2_distance_4,1.0,0.0,284.0,3.0,284.0,2.0,1.0,0.0,3.0,0.0,1.0,7.0,1.0,54.3391,324.0,11.415,0.321,0.335,0.655,264.0,1.0,264.0,2.0,2.0,0.0,1.0,0.0,2.0,5.0,1.0,47.16356666666667,400.0,12.012333333333332,0.9289999999999999,0.3113333333333333,1.2403333333333333,l2_distance
l2_distance_8,0.0,1.0,7758.0,0.0,0.0,7.0,8.0,0.0,0.0,0.0,8.0,5.0,1.0,,,5.378,,,,7758.0,0.0,0.0,7.0,8.0,0.0,0.0,0.0,8.0,5.0,1.0,0.14646636666666665,399.3333333333333,8.122333333333334,2.6993333333333336,0.0,2.6993333333333336,l2_distance
l2_distance_8,0.2,0.8,8010.0,0.0,1602.0,7.0,8.0,0.0,0.0,0.0,8.0,5.0,1.0,0.125542,326.0,15.196,1.548,0.0,1.548,7925.333333333333,0.0,1585.0666666666668,7.0,8.0,0.0,0.0,0.0,8.0,5.0,1.0,0.14646636666666665,399.3333333333333,8.654333333333334,3.186,0.0,3.186,l2_distance
l2_distance_8,0.5,0.5,473.0,1.0,237.0,4.0,4.0,0.0,1.0,0.0,4.0,6.0,1.0,18.1967,326.0,16.622,0.8,0.113,0.912,8260.0,0.0,4130.0,7.0,8.0,0.0,0.0,0.0,8.0,5.0,1.0,0.14646636666666665,399.6666666666667,10.041,3.0543333333333336,0.0,3.0543333333333336,l2_distance
l2_distance_8,0.8,0.2,322.0,2.0,258.0,3.0,2.0,0.0,2.0,0.0,2.0,7.0,1.0,36.2679,326.0,12.269,0.466,0.223,0.69,9156.0,0.6666666666666666,7324.933333333334,2.6666666666666665,2.6666666666666665,0.0,0.6666666666666666,0.0,2.6666666666666665,6.0,1.0,10.38485,219.0,10.974499999999999,0.4235,0.0855,0.509,l2_distance
l2_distance_8,1.0,0.0,401.0,4.0,401.0,3.0,1.0,0.0,4.0,0.0,1.0,9.0,1.0,72.4103,324.0,13.06,0.362,0.444,0.806,471.0,1.0,471.0,4.0,4.0,0.0,1.0,0.0,4.0,6.0,1.0,47.16356666666667,399.3333333333333,10.346333333333334,1.3706666666666667,0.27399999999999997,1.6446666666666667,l2_distance
lin_reg_16,0.0,1.0,12006.0,0.0,0.0,2.0,0.0,1.0,0.0,0.0,1.0,3.0,1.0,,,5.606,,,,12006.0,0.0,0.0,2.0,0.0,1.0,0.0,0.0,1.0,3.0,1.0,0.14646636666666665,432.3333333333333,5.719,0.06066666666666667,0.0,0.06066666666666667,lin_reg
lin_reg_16,0.2,0.8,108.0,0.0,21.6,2.0,0.0,1.0,0.0,0.0,1.0,3.0,1.0,0.125542,359.0,12.172,0.055,0.0,0.055,108.0,0.0,21.600000000000005,2.0,0.0,1.0,0.0,0.0,1.0,3.0,1.0,0.14646636666666665,432.0,6.039666666666666,0.06066666666666667,0.0,0.061,lin_reg
lin_reg_16,0.5,0.5,108.0,0.0,54.0,2.0,0.0,1.0,0.0,0.0,1.0,3.0,1.0,0.125542,358.0,11.815,0.055,0.0,0.055,108.0,0.0,54.0,2.0,0.0,1.0,0.0,0.0,1.0,3.0,1.0,0.14646636666666665,432.3333333333333,6.336333333333333,0.08566666666666667,0.0,0.08566666666666667,lin_reg
lin_reg_16,0.8,0.2,175.0,1.0,140.2,2.0,0.0,0.0,1.0,0.0,1.0,4.0,1.0,18.1967,328.0,12.548,0.244,0.115,0.359,108.0,0.0,86.40000000000002,2.0,0.0,1.0,0.0,0.0,1.0,3.0,1.0,0.14646636666666665,432.3333333333333,6.028666666666666,0.07033333333333334,0.0,0.07033333333333334,lin_reg
lin_reg_16,1.0,0.0,175.0,1.0,175.0,2.0,0.0,0.0,1.0,0.0,1.0,4.0,1.0,18.1967,328.0,12.113,0.244,0.115,0.359,108.0,0.0,108.0,2.0,0.0,1.0,0.0,0.0,1.0,3.0,1.0,0.14646636666666665,432.3333333333333,6.893666666666667,0.08566666666666667,0.0,0.08566666666666667,lin_reg
lin_reg_32,0.0,1.0,24006.0,0.0,0.0,2.0,0.0,1.0,0.0,0.0,1.0,3.0,1.0,,,5.151,,,,24006.0,0.0,0.0,2.0,0.0,1.0,0.0,0.0,1.0,3.0,1.0,0.14646636666666665,432.3333333333333,5.808666666666667,0.060000000000000005,0.0,0.06033333333333334,lin_reg
lin_reg_32,0.2,0.8,108.0,0.0,21.6,2.0,0.0,1.0,0.0,0.0,1.0,3.0,1.0,0.125542,359.0,12.063,0.054,0.0,0.054,108.0,0.0,21.600000000000005,2.0,0.0,1.0,0.0,0.0,1.0,3.0,1.0,0.14646636666666665,432.3333333333333,6.205333333333333,0.060666666666666674,0.0,0.061000000000000006,lin_reg
lin_reg_32,0.5,0.5,108.0,0.0,54.0,2.0,0.0,1.0,0.0,0.0,1.0,3.0,1.0,0.125542,359.0,12.233,0.055,0.0,0.055,108.0,0.0,54.0,2.0,0.0,1.0,0.0,0.0,1.0,3.0,1.0,0.14646636666666665,432.3333333333333,6.146,0.06233333333333333,0.0,0.06233333333333333,lin_reg
lin_reg_32,0.8,0.2,108.0,0.0,86.4,2.0,0.0,1.0,0.0,0.0,1.0,3.0,1.0,0.125542,358.0,12.221,0.055,0.0,0.055,108.0,0.0,86.40000000000002,2.0,0.0,1.0,0.0,0.0,1.0,3.0,1.0,0.14646636666666665,432.0,6.113666666666667,0.061000000000000006,0.0,0.061000000000000006,lin_reg
lin_reg_32,1.0,0.0,108.0,0.0,108.0,2.0,0.0,1.0,0.0,0.0,1.0,3.0,1.0,0.125542,359.0,12.372,0.055,0.0,0.055,108.0,0.0,108.0,2.0,0.0,1.0,0.0,0.0,1.0,3.0,1.0,0.14646636666666665,432.3333333333333,6.160333333333334,0.06133333333333333,0.0,0.06133333333333333,lin_reg
lin_reg_4,0.0,1.0,3006.0,0.0,0.0,2.0,0.0,1.0,0.0,0.0,1.0,3.0,1.0,,,21.125,,,,3006.0,0.0,0.0,2.0,0.0,1.0,0.0,0.0,1.0,3.0,1.0,0.14646636666666665,432.3333333333333,7.562333333333332,0.06733333333333334,0.0,0.06733333333333334,lin_reg
lin_reg_4,0.2,0.8,108.0,0.0,21.6,2.0,0.0,1.0,0.0,0.0,1.0,3.0,1.0,0.125542,359.0,12.179,0.055,0.0,0.055,108.0,0.0,21.600000000000005,2.0,0.0,1.0,0.0,0.0,1.0,3.0,1.0,0.14646636666666665,432.3333333333333,6.020333333333333,0.069,0.0,0.069,lin_reg
lin_reg_4,0.5,0.5,108.0,0.0,54.0,2.0,0.0,1.0,0.0,0.0,1.0,3.0,1.0,0.125542,358.0,11.856,0.055,0.0,0.055,108.0,0.0,54.0,2.0,0.0,1.0,0.0,0.0,1.0,3.0,1.0,0.14646636666666665,432.3333333333333,5.987666666666667,0.066,0.0,0.066,lin_reg
lin_reg_4,0.8,0.2,163.0,1.0,130.6,2.0,0.0,0.0,1.0,0.0,1.0,4.0,1.0,18.1967,328.0,12.016,0.244,0.115,0.36,108.0,0.0,86.40000000000002,2.0,0.0,1.0,0.0,0.0,1.0,3.0,1.0,0.14646636666666665,432.3333333333333,5.673333333333333,0.06366666666666666,0.0,0.06366666666666666,lin_reg
lin_reg_4,1.0,0.0,230.0,2.0,230.0,2.0,0.0,0.0,2.0,0.0,1.0,5.0,1.0,36.2679,327.0,15.219,0.286,0.229,0.515,108.0,0.0,108.0,2.0,0.0,1.0,0.0,0.0,1.0,3.0,1.0,0.14646636666666665,432.0,5.806,0.12166666666666666,0.0,0.122,lin_reg
lin_reg_8,0.0,1.0,6006.0,0.0,0.0,2.0,0.0,1.0,0.0,0.0,1.0,3.0,1.0,,,7.347,,,,6006.0,0.0,0.0,2.0,0.0,1.0,0.0,0.0,1.0,3.0,1.0,0.14646636666666665,432.3333333333333,5.673333333333333,0.061000000000000006,0.0,0.061000000000000006,lin_reg
lin_reg_8,0.2,0.8,108.0,0.0,21.6,2.0,0.0,1.0,0.0,0.0,1.0,3.0,1.0,0.125542,358.0,11.785,0.055,0.0,0.055,108.0,0.0,21.600000000000005,2.0,0.0,1.0,0.0,0.0,1.0,3.0,1.0,0.14646636666666665,432.3333333333333,6.347666666666666,0.07133333333333335,0.0,0.07133333333333335,lin_reg
lin_reg_8,0.5,0.5,108.0,0.0,54.0,2.0,0.0,1.0,0.0,0.0,1.0,3.0,1.0,0.125542,358.0,11.974,0.055,0.0,0.055,108.0,0.0,54.0,2.0,0.0,1.0,0.0,0.0,1.0,3.0,1.0,0.14646636666666665,432.3333333333333,5.9316666666666675,0.06166666666666667,0.0,0.06166666666666667,lin_reg
lin_reg_8,0.8,0.2,250.0,2.0,200.4,2.0,0.0,0.0,2.0,0.0,1.0,5.0,1.0,36.2679,327.0,11.965,0.286,0.229,0.516,108.0,0.0,86.40000000000002,2.0,0.0,1.0,0.0,0.0,1.0,3.0,1.0,0.14646636666666665,432.3333333333333,6.374,0.07766666666666666,0.0,0.07766666666666666,lin_reg
lin_reg_8,1.0,0.0,250.0,2.0,250.0,2.0,0.0,0.0,2.0,0.0,1.0,5.0,1.0,36.2679,328.0,12.076,0.286,0.228,0.514,108.0,0.0,108.0,2.0,0.0,1.0,0.0,0.0,1.0,3.0,1.0,0.14646636666666665,432.3333333333333,5.708333333333333,0.06166666666666667,0.0,0.06166666666666667,lin_reg
matrix_mul_4,0.0,1.0,28006.0,0.0,0.0,3.0,0.0,0.0,0.0,0.0,4.0,3.0,1.0,,,5.256,,,,28006.0,0.0,0.0,3.0,0.0,0.0,0.0,0.0,4.0,3.0,1.0,0.14646636666666665,401.0,5.9046666666666665,0.9940000000000001,0.0,0.9940000000000001,matrix_mul
matrix_mul_4,0.2,0.8,409.0,0.0,81.80000000000001,3.0,0.0,0.0,0.0,0.0,4.0,3.0,1.0,0.125542,327.0,12.083,0.757,0.0,0.757,409.0,0.0,81.80000000000001,3.0,0.0,0.0,0.0,0.0,4.0,3.0,1.0,0.14646636666666665,400.6666666666667,6.785333333333334,0.988,0.0,0.988,matrix_mul
matrix_mul_4,0.5,0.5,409.0,0.0,204.5,3.0,0.0,0.0,0.0,0.0,4.0,3.0,1.0,0.125542,328.0,12.195,0.757,0.0,0.757,409.0,0.0,204.5,3.0,0.0,0.0,0.0,0.0,4.0,3.0,1.0,0.14646636666666665,400.6666666666667,6.786666666666666,0.9923333333333333,0.0,0.9923333333333333,matrix_mul
matrix_mul_4,0.8,0.2,409.0,0.0,327.20000000000005,3.0,0.0,0.0,0.0,0.0,4.0,3.0,1.0,0.125542,328.0,11.955,0.757,0.0,0.757,4309.0,0.0,3447.2000000000003,3.0,0.0,0.0,0.0,0.0,4.0,3.0,1.0,0.14646636666666665,400.6666666666667,6.675666666666667,0.993,0.0,0.993,matrix_mul
matrix_mul_4,1.0,0.0,275.0,1.0,275.0,2.0,0.0,0.0,1.0,0.0,2.0,4.0,1.0,18.1967,327.0,12.261,0.424,0.113,0.537,4309.0,0.0,4309.0,3.0,0.0,0.0,0.0,0.0,4.0,3.0,1.0,0.14646636666666665,400.6666666666667,6.7123333333333335,0.9793333333333333,0.0,0.9793333333333333,matrix_mul
max_3,0.0,1.0,3009.0,0.0,0.0,6.0,0.0,0.0,0.0,3.0,6.0,6.0,2.0,,,5.383,,,,3009.0,0.0,0.0,6.0,0.0,0.0,0.0,3.0,6.0,6.0,2.0,0.14646636666666665,368.6666666666667,5.658,1.2886666666666666,0.0,1.289,max
max_3,0.2,0.8,3259.0,0.0,651.8000000000001,6.0,0.0,0.0,0.0,3.0,6.0,6.0,2.0,0.125542,295.0,13.879,1.021,0.0,1.021,3009.0,0.0,601.8000000000001,6.0,0.0,0.0,0.0,3.0,6.0,6.0,2.0,0.14646636666666665,368.6666666666667,5.584333333333333,1.2930000000000001,0.0,1.2930000000000001,max
max_3,0.5,0.5,2662.0,1.0,1331.5,8.0,0.0,0.0,1.0,3.0,5.0,8.0,2.0,18.1967,295.0,14.731,0.961,0.116,1.077,2494.3333333333335,1.0,1247.6666666666667,8.666666666666666,0.0,0.0,1.0,3.0,5.666666666666667,8.0,2.0,47.16356666666667,368.0,5.724,1.2403333333333333,0.19666666666666666,1.437,max
max_3,0.8,0.2,386.0,3.0,309.40000000000003,2.0,1.0,0.0,3.0,0.0,2.0,8.0,2.0,54.3391,295.0,11.378,0.482,0.334,0.816,664.0,2.0,531.6,5.0,0.0,0.0,2.0,2.0,3.0,9.0,2.0,94.18103,368.0,6.106333333333333,0.8453333333333334,0.39899999999999997,1.2443333333333333,max
max_3,1.0,0.0,501.0,4.0,501.0,2.0,1.0,0.0,4.0,0.0,2.0,9.0,2.0,72.4103,292.0,11.772,0.501,0.446,0.947,664.0,2.0,664.0,5.0,0.0,0.0,2.0,2.0,3.0,9.0,2.0,94.18103,368.0,6.093666666666667,0.847,0.41333333333333333,1.2606666666666666,max
max_4,0.0,1.0,7012.0,0.0,0.0,12.0,0.0,0.0,0.0,6.0,12.0,8.0,3.0,,,5.774,,,,7012.0,0.0,0.0,12.0,0.0,0.0,0.0,6.0,12.0,8.0,3.0,0.14646636666666665,335.3333333333333,5.648,2.5463333333333336,0.0,2.5463333333333336,max
max_4,0.2,0.8,7262.0,0.0,1452.4,12.0,0.0,0.0,0.0,6.0,12.0,8.0,3.0,0.125542,262.0,14.552,1.966,0.0,1.966,14033.333333333334,0.0,2806.6666666666665,12.0,0.0,0.0,0.0,9.0,12.0,9.666666666666666,3.0,0.14646636666666665,335.0,9.620666666666667,2.525,0.0,2.525,max
max_4,0.5,0.5,6667.0,1.0,3334.0,16.0,0.0,0.0,1.0,7.0,13.0,10.0,3.0,18.1967,262.0,17.827,2.248,0.115,2.363,12065.666666666666,0.3333333333333333,6033.0,13.666666666666666,0.3333333333333333,0.0,0.3333333333333333,6.666666666666667,12.666666666666666,9.0,3.0,0.9831906666666667,335.3333333333333,9.959666666666667,2.5353333333333334,0.0033333333333333335,2.538666666666667,max
max_4,0.8,0.2,1076.0,2.0,861.2,9.0,0.0,0.0,2.0,4.0,7.0,11.0,3.0,36.2679,262.0,14.674,1.337,0.228,1.565,1071.0,2.0,857.2000000000002,9.0,0.0,0.0,2.0,4.0,7.0,11.0,3.0,94.18103,335.3333333333333,8.769,1.7563333333333333,0.4023333333333334,2.158333333333333,max
max_4,1.0,0.0,912.0,5.0,912.0,3.0,1.0,0.0,5.0,0.0,3.0,12.0,3.0,90.4814,262.0,33.132,0.72,0.57,1.29,1736.3333333333333,2.0,1736.3333333333333,9.0,0.0,0.0,2.0,4.0,7.0,11.0,3.0,94.18103,335.0,8.338666666666667,1.7583333333333335,0.39666666666666667,2.155,max
max_5,0.0,1.0,15015.0,0.0,0.0,20.0,0.0,0.0,0.0,10.0,20.0,10.0,4.0,,,5.434,,,,15015.0,0.0,0.0,20.0,0.0,0.0,0.0,10.0,20.0,10.0,4.0,0.14646636666666665,302.0,11.587000000000002,6.361999999999999,0.0,6.362333333333333,max
max_5,0.2,0.8,15265.0,0.0,3053.0,20.0,0.0,0.0,0.0,10.0,20.0,10.0,4.0,0.125542,229.0,18.714,3.243,0.0,3.243,27271.666666666668,0.0,5454.333333333333,20.0,0.0,0.0,0.0,10.0,20.0,10.0,4.0,0.14646636666666665,302.0,24.05333333333333,9.611666666666666,0.0,9.611666666666666,max
max_5,0.5,0.5,14670.0,1.0,7335.5,28.0,0.0,0.0,1.0,13.0,25.0,12.0,4.0,18.1967,228.0,27.084,4.186,0.117,4.303,33809.0,0.0,16904.5,20.0,0.0,0.0,0.0,16.0,20.0,14.333333333333334,4.0,0.14646636666666665,302.3333333333333,39.711999999999996,9.657666666666666,0.0,9.657666666666666,max
max_5,0.8,0.2,14108.0,3.0,11287.000000000002,0.0,0.0,0.0,0.0,0.0,0.0,0.0,0.0,,,0.0,,,,2048.3333333333335,2.0,1639.0666666666668,15.0,0.0,0.0,2.0,7.0,13.0,13.0,4.0,94.18103,302.0,38.724333333333334,4.749666666666667,0.5873333333333334,5.337,max
max_5,1.0,0.0,1632.0,4.0,1632.0,12.0,2.0,0.0,5.0,4.0,12.0,14.0,4.0,72.4103,228.0,305.018,2.347,0.453,2.8,4345.333333333333,2.0,4345.333333333333,15.666666666666666,0.0,0.0,2.0,7.0,13.0,13.666666666666666,4.0,94.18103,301.6666666666667,31.630666666666666,6.789666666666666,0.8076666666666666,7.597,max
poly_reg_16,0.0,1.0,20009.0,0.0,0.0,3.0,0.0,0.0,0.0,0.0,2.0,5.0,2.0,,,5.0,,,,212.0,0.0,0.0,3.0,0.0,0.0,0.0,0.0,2.0,5.0,2.0,0.14646636666666665,369.0,8.219,0.6196666666666667,0.0,0.6196666666666667,poly_reg
poly_reg_16,0.2,0.8,212.0,0.0,42.400000000000006,3.0,0.0,0.0,0.0,0.0,2.0,5.0,2.0,0.125542,296.0,11.574,0.408,0.0,0.408,212.0,0.0,42.400000000000006,3.0,0.0,0.0,0.0,0.0,2.0,5.0,2.0,0.14646636666666665,369.0,8.443,0.747,0.0,0.747,poly_reg
poly_reg_16,0.5,0.5,212.0,0.0,106.0,3.0,0.0,0.0,0.0,0.0,2.0,5.0,2.0,0.125542,296.0,11.59,0.408,0.0,0.408,212.0,0.0,106.0,3.0,0.0,0.0,0.0,0.0,2.0,5.0,2.0,0.14646636666666665,369.3333333333333,8.515666666666666,0.7293333333333333,0.0,0.7293333333333333,poly_reg
poly_reg_16,0.8,0.2,212.0,0.0,169.60000000000002,3.0,0.0,0.0,0.0,0.0,2.0,5.0,2.0,0.125542,296.0,11.587,0.408,0.0,0.408,212.0,0.0,169.60000000000002,3.0,0.0,0.0,0.0,0.0,2.0,5.0,2.0,0.14646636666666665,369.0,8.324333333333334,0.6766666666666667,0.0,0.6766666666666667,poly_reg
poly_reg_16,1.0,0.0,279.0,1.0,279.0,3.0,0.0,0.0,1.0,0.0,2.0,6.0,2.0,18.1967,295.0,12.209,0.426,0.112,0.538,212.0,0.0,212.0,3.0,0.0,0.0,0.0,0.0,2.0,5.0,2.0,0.14646636666666665,369.0,8.538666666666666,0.6836666666666668,0.0,0.6836666666666668,poly_reg
poly_reg_32,0.0,1.0,40009.0,0.0,0.0,3.0,0.0,0.0,0.0,0.0,2.0,5.0,2.0,,,5.492,,,,212.0,0.0,0.0,3.0,0.0,0.0,0.0,0.0,2.0,5.0,2.0,0.14646636666666665,369.0,9.285666666666666,0.7383333333333333,0.0,0.7383333333333333,poly_reg
poly_reg_32,0.2,0.8,212.0,0.0,42.400000000000006,3.0,0.0,0.0,0.0,0.0,2.0,5.0,2.0,0.125542,296.0,12.111,0.408,0.0,0.408,212.0,0.0,42.400000000000006,3.0,0.0,0.0,0.0,0.0,2.0,5.0,2.0,0.14646636666666665,369.0,9.198333333333332,0.6900000000000001,0.0,0.6900000000000001,poly_reg
poly_reg_32,0.5,0.5,212.0,0.0,106.0,3.0,0.0,0.0,0.0,0.0,2.0,5.0,2.0,0.125542,296.0,12.19,0.408,0.0,0.408,212.0,0.0,106.0,3.0,0.0,0.0,0.0,0.0,2.0,5.0,2.0,0.14646636666666665,369.3333333333333,9.496666666666668,0.734,0.0,0.734,poly_reg
poly_reg_32,0.8,0.2,212.0,0.0,169.60000000000002,3.0,0.0,0.0,0.0,0.0,2.0,5.0,2.0,0.125542,296.0,12.2,0.408,0.0,0.408,212.0,0.0,169.60000000000002,3.0,0.0,0.0,0.0,0.0,2.0,5.0,2.0,0.14646636666666665,369.3333333333333,9.674333333333333,0.6866666666666666,0.0,0.6866666666666666,poly_reg
poly_reg_32,1.0,0.0,212.0,0.0,212.0,3.0,0.0,0.0,0.0,0.0,2.0,5.0,2.0,0.125542,296.0,12.099,0.408,0.0,0.408,212.0,0.0,212.0,3.0,0.0,0.0,0.0,0.0,2.0,5.0,2.0,0.14646636666666665,369.0,9.464,0.6606666666666666,0.0,0.6606666666666666,poly_reg
poly_reg_4,0.0,1.0,5009.0,0.0,0.0,3.0,0.0,0.0,0.0,0.0,2.0,5.0,2.0,,,5.271,,,,212.0,0.0,0.0,3.0,0.0,0.0,0.0,0.0,2.0,5.0,2.0,0.14646636666666665,369.3333333333333,7.455333333333333,0.7323333333333334,0.0,0.7323333333333334,poly_reg
poly_reg_4,0.2,0.8,212.0,0.0,42.400000000000006,3.0,0.0,0.0,0.0,0.0,2.0,5.0,2.0,0.125542,296.0,11.23,0.408,0.0,0.408,212.0,0.0,42.400000000000006,3.0,0.0,0.0,0.0,0.0,2.0,5.0,2.0,0.14646636666666665,369.0,7.874666666666666,0.6776666666666666,0.0,0.6779999999999999,poly_reg
poly_reg_4,0.5,0.5,212.0,0.0,106.0,3.0,0.0,0.0,0.0,0.0,2.0,5.0,2.0,0.125542,296.0,11.166,0.409,0.0,0.409,212.0,0.0,106.0,3.0,0.0,0.0,0.0,0.0,2.0,5.0,2.0,0.14646636666666665,369.0,8.144,0.7053333333333334,0.0,0.7053333333333334,poly_reg
poly_reg_4,0.8,0.2,334.0,2.0,267.59999999999997,3.0,0.0,0.0,2.0,0.0,2.0,7.0,2.0,36.2679,295.0,11.679,0.443,0.224,0.666,212.0,0.0,169.60000000000002,3.0,0.0,0.0,0.0,0.0,2.0,5.0,2.0,0.14646636666666665,369.0,8.011333333333333,0.629,0.0,0.629,poly_reg
poly_reg_4,1.0,0.0,449.0,3.0,449.0,3.0,0.0,0.0,3.0,0.0,2.0,8.0,2.0,54.3391,295.0,12.454,0.483,0.335,0.818,212.0,0.0,212.0,3.0,0.0,0.0,0.0,0.0,2.0,5.0,2.0,0.14646636666666665,369.3333333333333,7.814666666666667,0.654,0.0,0.654,poly_reg
poly_reg_8,0.0,1.0,10009.0,0.0,0.0,3.0,0.0,0.0,0.0,0.0,2.0,5.0,2.0,,,5.063,,,,212.0,0.0,0.0,3.0,0.0,0.0,0.0,0.0,2.0,5.0,2.0,0.14646636666666665,369.0,8.086666666666666,0.6413333333333334,0.0,0.6413333333333334,poly_reg
poly_reg_8,0.2,0.8,212.0,0.0,42.400000000000006,3.0,0.0,0.0,0.0,0.0,2.0,5.0,2.0,0.125542,296.0,11.284,0.408,0.0,0.408,212.0,0.0,42.400000000000006,3.0,0.0,0.0,0.0,0.0,2.0,5.0,2.0,0.14646636666666665,369.3333333333333,8.022666666666666,0.645,0.0,0.645,poly_reg
poly_reg_8,0.5,0.5,212.0,0.0,106.0,3.0,0.0,0.0,0.0,0.0,2.0,5.0,2.0,0.125542,296.0,11.314,0.408,0.0,0.408,212.0,0.0,106.0,3.0,0.0,0.0,0.0,0.0,2.0,5.0,2.0,0.14646636666666665,369.0,7.675666666666667,0.725,0.0,0.7253333333333334,poly_reg
poly_reg_8,0.8,0.2,354.0,2.0,283.59999999999997,3.0,0.0,0.0,2.0,0.0,2.0,7.0,2.0,36.2679,295.0,12.238,0.443,0.224,0.666,212.0,0.0,169.60000000000002,3.0,0.0,0.0,0.0,0.0,2.0,5.0,2.0,0.14646636666666665,369.0,7.884666666666667,0.673,0.0,0.673,poly_reg
poly_reg_8,1.0,0.0,354.0,2.0,354.0,3.0,0.0,0.0,2.0,0.0,2.0,7.0,2.0,36.2679,295.0,12.257,0.443,0.223,0.666,212.0,0.0,212.0,3.0,0.0,0.0,0.0,0.0,2.0,5.0,2.0,0.14646636666666665,369.0,8.056,0.7413333333333334,0.0,0.7413333333333334,poly_reg
roberts_cross_4,0.0,1.0,31007.0,0.0,0.0,6.0,0.0,0.0,0.0,2.0,3.0,6.0,1.0,,,5.943,,,,31007.0,0.0,0.0,6.0,0.0,0.0,0.0,2.0,3.0,6.0,1.0,0.14646636666666665,400.3333333333333,12.469999999999999,1.2013333333333334,0.0,1.2016666666666667,roberts_cross
roberts_cross_4,0.2,0.8,214.0,0.0,42.800000000000004,1.0,3.0,0.0,0.0,2.0,2.0,4.0,1.0,0.125542,327.0,12.962,0.408,0.0,0.408,27742.333333333332,0.0,5548.466666666667,7.333333333333333,0.0,0.0,0.0,34.333333333333336,2.0,35.666666666666664,1.0,0.14646636666666665,400.6666666666667,30.437,0.7733333333333334,0.0,0.7733333333333334,roberts_cross
roberts_cross_4,0.5,0.5,214.0,0.0,107.0,1.0,3.0,0.0,0.0,2.0,2.0,4.0,1.0,0.125542,327.0,13.459,0.408,0.0,0.408,18733.666666666668,0.0,9366.833333333334,7.333333333333333,0.0,0.0,0.0,25.333333333333332,2.0,27.333333333333332,1.0,0.14646636666666665,400.6666666666667,28.264,0.9809999999999999,0.0,0.9809999999999999,roberts_cross
roberts_cross_4,0.8,0.2,181.0,1.0,145.0,3.0,0.0,0.0,1.0,3.0,1.0,5.0,1.0,18.1967,328.0,13.544,0.262,0.112,0.374,9379.0,0.0,7503.200000000001,5.666666666666667,0.3333333333333333,0.0,0.0,3.0,2.0,5.0,1.0,0.14646636666666665,400.6666666666667,10.025333333333334,0.802,0.0,0.802,roberts_cross
roberts_cross_4,1.0,0.0,181.0,1.0,181.0,3.0,0.0,0.0,1.0,3.0,1.0,5.0,1.0,18.1967,327.0,13.618,0.262,0.112,0.374,10712.0,0.0,10712.0,6.0,0.0,0.0,0.0,3.0,2.0,5.0,1.0,0.14646636666666665,400.6666666666667,10.801333333333332,1.6243333333333334,0.0,1.6243333333333334,roberts_cross
sort_3,0.0,1.0,5012.0,0.0,0.0,0.0,0.0,0.0,0.0,0.0,0.0,0.0,0.0,,,0.0,,,,5012.0,0.0,0.0,8.0,0.0,0.0,0.0,3.0,10.0,8.0,3.0,0.14646636666666665,336.0,7.9430000000000005,2.828666666666667,0.0,2.828666666666667,sort
sort_3,0.2,0.8,5262.0,0.0,1052.4,0.0,0.0,0.0,0.0,0.0,0.0,0.0,0.0,,,0.0,,,,17622.333333333332,0.0,3524.466666666667,8.0,0.0,0.0,0.0,3.3333333333333335,10.0,8.333333333333334,3.0,0.14646636666666665,336.0,25.819,5.058333333333334,0.0,5.058333333333334,sort
sort_3,0.5,0.5,4667.0,1.0,2334.0,0.0,0.0,0.0,0.0,0.0,0.0,0.0,0.0,,,0.0,,,,17642.666666666668,0.0,8821.333333333334,8.0,0.0,0.0,0.0,3.0,10.0,8.0,3.0,0.14646636666666665,336.0,30.40533333333333,3.8623333333333334,0.0,3.8623333333333334,sort
sort_3,0.8,0.2,3171.0,2.0,2537.2000000000003,0.0,0.0,0.0,0.0,0.0,0.0,0.0,0.0,,,0.0,,,,3083.3333333333335,2.0,2467.066666666667,12.333333333333334,0.3333333333333333,0.0,2.0,4.666666666666667,7.0,12.0,3.0,94.18103,335.0,17.82,3.064,0.9133333333333332,3.9773333333333336,sort
sort_3,1.0,0.0,912.0,5.0,912.0,0.0,0.0,0.0,0.0,0.0,0.0,0.0,0.0,,,0.0,,,,3101.6666666666665,1.3333333333333333,3101.6666666666665,13.333333333333334,0.6666666666666666,0.0,2.3333333333333335,5.333333333333333,7.333333333333333,12.666666666666666,3.0,48.000296666666664,335.3333333333333,34.214,3.9716666666666662,0.31,4.281,sort
